漢字,羅馬字
阿爸,a-pa/pah/pâ
阿母,a-bú/bó
阿妗,a-kīm
阿姆,a-m
囡仔,gín-á
心肝仔囝,sim-koaⁿ-á-kiáⁿ
壓霸,ah-pà
曷使,ah-sái
曷著,ah-tioh
曷敢,ah-káⁿ
抑是,a̍h-sī
愛耍,ài-sńg
愛睏,ài-khùn
偝囡仔,āiⁿ-gín-á
偝巾,āiⁿ-kin
沃花,ak-hoe
沃雨,ak-hō͘
糜傷泔,môe/bê-siuⁿ-ám
泔糜,ám- môe/bê-
漿泔,chiuⁿ-ám
頷頸,ām-kún
按呢,án-ne
按怎,án-chóaⁿ
縛絚絚,pák-ân-ân
手頭絚,chhiú-thâu-ân
翁某,ang-bó͘
翁婿,ang-sài
布袋戲尪仔,pò͘-tē-hì-ang-á
尪仔標,ang-á-phiau
遏斷,at-tng
遏樹枝,at-chhiū-ki
漚衫,au-saⁿ
漚鹹菜,au-kiâm-chhài
茶甌,tê-au
一甌茶,chit-au-tê
拗斷,áu-tng
硬拗,ngē-áu
柴漚去,chhâ-àu--khì
漚貨,àu-hòe
漚步,àu-pō͘
後日,āu--jit/lit
後日,āu-jit/lit
囥後壁,khng-au-piah
後壁鄉,Au-piah-hiong
門關無峇,mng-koaiⁿ-bô͘-bā
個性真峇,kò-sèng-chin-bā
心情䆀,sim-chêng-bái
環境䆀,khoân-kéng-bái
目鏡,ba̍k-kiàⁿ
目眉,ba̍k-bâi
茉莉,ba̍k-nī
目屎,ba̍k-sái
挽花,bán-hoe
挽茶,bán-tê
挽果子,bán-kóe-chí
蠻皮,bân-phôe
慢且是,bān-chhiáⁿ-sī
蠓罩,báng-tà
蠓仔,báng-á
醉茫茫,chùi-bâng-bâng
白茫茫,pe̍h-bâng-bâng
捌字,bat-ji/lī
捌去,bat-khì
草發真密,chháu-hoat-chin-bat
袂食袂睏,bē-chiah-bē-khùn
袂行,bē-kiâⁿ
袂來,bē-lâi
袂當去,bē-tàng-khì
欲食飯,beh-chiah-png
欲知,beh-chai
小眯一下,sió-bî-chit--ē
予我眯著,hō͘-góa-bî--tioh
風微微,hong-bî-bî
微微仔笑,bî-bî-á-chhiò
沫水,bī-chúi
覕雨,bih-hō͘
覕相揣,bih-sio-chhōe
齒抿仔,khí-bín-á
鞋抿仔,ê-bín-á
敏豆仔,bín-tāu-á
明仔載,mîn-á-chài
眠夢,bîn-bāng
面色,bīn-sek
面熟,bīn-se̍k
無錢,bô-chîⁿ
無閒,bô-êng
無較緩,bô-khah-choah
無彩工,bô-chhái-kang
無彩錢,bô-chhái-chîⁿ
罔看,bóng-khòaⁿ
罔食,bóng-chiah
罩雺,tà-bông
起雾,khí-bông
雾霧,bông-bū
翁仔某,ang-á-bó͘
某囝,bó͘-kiáⁿ
跳舞,thiàu-bú
烏白舞,o͘-pe̍h-bú
阿母,a-bú/bó
老母,lāu-bú/bó
尾溜,bóe/bé-liu
尾後,bóe/bé-āu
一尾魚,chit-bóe bóe/bé-hî
尾蝶,bóe/bé-ia̍h
蝶仔,ia̍h-á
魩仔魚,but-á-hî/hû
我的,góa-ê
公家的,kong-ke-ê
一个,chit-ê
足濟个,chiok-chē/chōe-ê
下晡,ē-po͘
下畫,ē-tàu
下昏,ē-hng
下暗,ē-àm
下跤,ē-kha
一下,chit-ē
會使,ē-sái
會曉,ē-hiáu
下頦,ē-hâi
會當去,ē-tàng-khì
巷仔真狹,hāng-á-chin-e̍h
狹裙,e̍h-kûn
礙虐,gãi-gioh
愣去,gāng--khì
gâu 早,gâu-chá
gâu 煮食,gâu-chú-chiah
假 gâu,ké-gâu
gâu 破病,gâu-phòa-pēⁿ/pīⁿ
夯貨,giâ-hòe/hè
夯起來,giâ--khí-lâi
攑箸,giảh-tī/tū
攑頭,giảh-thâu
攑手,giảh-chhiú
頭毛鋏仔,thâu-mng-giap-á
鋏予伊好,giap-hō͘-i-hó
挾咧,gia̍p--leh
扲牢牢,gīm-tiâu-tiâu
查某囡仔,cha-bó͘-gín-á
囡仔兄,gín-á-hiaⁿ
凝心,gêng-sim
戇人,gōng-lâng
戇呆,gōng-tai
是我,sī-góa
外口,gōa-kháu
外家,gōa-ke
十外歲,chap-gōa-hòe
百外个,pah-gōa-ê
阮的,gún-ê
阮兜,gún-tau
外甥,gōe-seng
員外,goân-gōe
月娘,goe̍h/ge̍h-niû
繕褲帶,hâ-khò͘-tòa
繕裙,hâ-kûn
竹箬,tek-hah
甘蔗箬,kam-chià-hah
個性會合,kò-sèng-ē-hảh
合軀,hah-su
人生海海,jîn/lîn-seng-hái-hái
海湧,hái-éng
蚶仔,ham-á
諏古,hàm-kó͘
諏鏡,hàm-kiàⁿ
陷眠,hām-bîn
愛吼,ài-háu
鳥仔咧吼,chiáu-á-leh-háu
後生,hāu-seⁿ/siⁿ
彼是我的,he-sī-góa-ê
下鹽,hē-iâm
下本錢,hē-pún-chîⁿ
佇遐,tī-hia
遐的,hia--ê
遐的人,hia-ê-lâng
遐濟,hiah-chē/chōe
遐慢,hiah-bān
遐爾燒,hiah-nī-sio
遐爾遠,hiah-nī-hng
簽椒仔,hiam-chio-á
臭尿簽,chhàu-jiō-hiam
掀開,hian-khui
掀報紙,hian-pò-chóa
現出原形,hiàn-chhut-goân-hêng
現煮現食,hiān-chú-hiān-chiah
看現現,khòaⁿ-hiān-hiān
足現世,chiok-hiān-sì
現世,hiān-sì
燃火,hiâⁿ-hóe/hé
燃茶,hiâⁿ-tê
燃滾水,hiâⁿ -kún-chúi
㧒捔,hiat-ka̍k
烏白㧒,o͘-pe̍h-hiat
囂俳,hiau-pai
欣羨,him-siān
形影,hêng-iáⁿ
歇畫,hioh-tàu
歇熱,hioh-joah
歇寒,hioh-kôaⁿ
雄雄,hiông-hiông
翕油飯,hip-iû-png
天氣真翕,thiⁿ-khì-chin-hip
翕相,hip-siōng/siòng
彼間厝,hit-keng-chhù
彼時,hit-sî
好佳哉,hó-ka-chài
好勢,hó-sè
做風颱,chò-hong-thai
風颱天,hong-thai-thiⁿ
好奇,hò͘ⁿ-kî
好玄,hò͘ⁿ-hiân
胡蠅,hô͘-sîn
予你,hō͘--lí
予人請,hō͘-lâng-chhiáⁿ
撫撫咧,hu-hu--leh
拊掉,hú-tiāu
拊仔,hú-á
肉拊,bah-hú
拊魚拊,hú-hî-hú
喝拳,hoah-kûn
大聲喝,tōa-siaⁿ-hoah
橫直,hoâiⁿ/hûiⁿ-tit
翻頭,hoan-thâu
凡勢,hoān-sè
法度,hoat-tō͘
無法度,bô-hoat-tō͘
花眉仔,hoe-bî-á
費氣,hùi-khì
費氣費觸,hùi-khì-hùi-tak
瓷仔,hûi-á
瓷仔碗,hûi-á-óaⁿ
瓷仔工場,hûi-á-kang-tiûⁿ
食薰,chia̍h-hun
薰草,hun-chháu
粉鳥,hún-chiáu
放粉鳥,pàng-hún-chiáu
一份,chit-hūn
認份,jīn-hūn
伊佮我,i-kah-góa
伊真媠,i-chin-súi
椅條,í-liâu
奕牌仔,ī-pâi-á
奕珠仔,ī-chu-á
也是,iā-sī
也好,iā-hó
蛾仔,ia̍h-á
臭蛾仔,chhàu-ia̍h-á
緣投,iân-tâu
緣投囡仔,iân-tâu-gín-á
胭脂,ian-chi
厭氣,iàn-khì
芫荽,iân-sui
枵鬼,iau-kúi
枵飽吵,iau-pá-chhá
猶未,iáu/iah/ah/á/iá-bōe
猶閣,iáu/iah/ah/á/iá-koh
陰鴆,im-thim
因三个,in-saⁿ-ê
因某,in-bó͘
往過,éng-kòe/kè
往擺,éng-pái
往往,éng-éng
有閒,ū-êng
閒工,êng-kang
臆著,ioh--tio̍h
臆謎猜,ioh-bī-chhai
勇健,ióng-kiāⁿ
猶原,iu-goân
有孝,iú-hàu
幼秀,iù-siù
遮雨,jia-hō͘
遮日,jia-jit/li̍t
跤爪,kha-jiáu/liáu
抓破皮,jiàu/liàu-phòa-phôe
抓面,jiàu/liàu-bīn
撏錢,jîm/lîm-chîⁿ
撏出來,jîm/lîm--chhut-lâi
入去,ji̍p--khì
入被,ji̍p-phōe
入教,ji̍p-kàu
日頭,ji̍t/li̍t-thâu
日子,ji̍t/li̍t-chí
日時,ji̍t--sî
揉塗跤,jiû/liû-thô͘-kha
揉身軀,jiû/liû-sin-khu
鰇魚,jiû/liû-hî
鰇魚羮,jiû/liû-hî-keⁿ
鰇魚捲,jiû/liû-hî-kńg
烘鰇魚,hang-jiû/liû-hî
愈來愈濟,jú/lú-lâi-jú/lú-chē
無偌久,bô-jōa/lōa-kú
偌濟,jōa/lōa-chē
偌仔爾,jōa/lōa-á-nī
燒熱,sio-joa̍h/loa̍h
熱人,joa̍h/loa̍h--lâng
歇熱,hioh-joa̍h/loa̍h
挼目睭,juê/lê-ba̍k-chiu
挼衫,juê/lê-saⁿ
虼,ka-蚤
虼蠽,ka-choa̍h
加強,ka-kiông
增加,cheng-ka
交懍恂,ka-lún-sún
家己,ka-tī
鉸刀,ka-to
鉸刀柄,ka-to-pèⁿ/pìⁿ
敢若,ká-ná
共你講,kā-lí-kóng
蓋被,kah-phōe
蓋毯仔,kah-thán-á
我佮你,góa-kah-lí
食甲足飽,chia̍h-kah-chiok-pá
佮意,kah-ì
改考卷,kái-khó-kǹg
改薰,kái-hun
擲㧒捔,tàn-hiat-ka
無抾捔,bô-lō͘-ēng
毋甘,m̄-kam
甘願,kam-goān
敢講,kám-kóng
你敢欲去,lí-kám-beh-khì
柑仔店,kám-á-tiàm
艱苦,kan-khó͘
干焦,kan-na
厚工,kāu-kang
三工,saⁿ-kang
港都,káng-to͘
港都夜雨,káng-to͘-iā-ú
仝款,kāng-khoán
相仝,sio-kāng
敆做伙,kap-chò-hóe/hé
敆藥仔,kap-io̍h-á
狡怪,káu-kòai
到位,kàu-ūi
到時,kàu-sî
加減,ke-kiám
加話,ke-ōe
家後,ke-āu
家婆,ke-pô
家私,ke-si
鹹膎,kiâm-kê
蚵仔膎,ô-á-kê
珠螺膎,chu-lê-kê
牽羹,khan-keⁿ
肉羹,bah-keⁿ
跤手,kha-chhiú
下跤,ē-kha
拍咳啾,phah-kha-chhiùⁿ
拍尻川,phah-kha-chhng
尻川斗,kha-chhng-táu
尻川後,kha-chhng-āu
尻脊骿,kha-chiah-phiáⁿ
尻脊後,kha-chiah-āu
跤頭趺,kha-thâu-u
敲電話,khà-tiān-ōe
敲油,khà-iû
較濟,khah-chē
閣較好,koh-khah-hó
較停仔,khah-thêng-á
坎仔,khám-á
坎站,khám-chām
一坎店,chit-khám-tiàm
崁蓋,khàm-kòa
暗崁,àm-khàm
山崁,soaⁿ-khàm
崁跤,khàm-kha
崁頂,khàm-téng
空厝,khang-chhù
破空,phòa-khang
誠好空,chiâⁿ-hó-khang
歹空,pháiⁿ/phái-khang
薅草,khau-chhì
薅頭鬃,khau-thâu-chang
剾皮,khau-phôe/phê
剾喙鬚,khau-chhùi-chhiu
剾風,khau-hong
剾洗,khau-sé
齧肉骨,khè-bah-kut
齧甘蔗,khè-kam-chià
敧一爿,khi-chi̍t-pêng
坦敧,thán-khi
齒戳,khí-thok
徛予正,khiā-hō͘-chiàⁿ
徛家,khiā-ke
徛鵝,khiā-gô
掔石頭,khian-chio̍h-thâu
烏白掔,o͘-pe̍h-khian
真勥,chin-khiàng
勥跤,khiàng-kha
曲痀,khiau-ku
曲跤,khiau-kha
彎彎曲曲,oan-oan-khiau-khiau
人真巧,lâng-chin-khiáu
奸巧,kan-khiáu
克虧,khik-khui
拑牢牢,khîⁿ-tiâu-tiâu
抾起來,khioh--khí-lâi
抾拾,khioh-si̍p
抾字紙,khioh-jī-chóa
抾恨,khioh-hūn
扱牢牢,khip-tiâu-tiâu
無拑無扱,bô-khîⁿ-bô-khip
杙仔,khi̍t-á
大里杙,Tāi-lí-khi̍t
搝大索,khiú/giú-tōa-soh
搝後跤,khiú/giú-āu-kha
虯毛,khiû-mo͘
虯儉,khiû-khiām
囥物件,khǹg-mi̍h-kiāⁿ
囥步,khǹg-pō͘
洘頭糜,khó-thâu-môe/bê
洘流,khó-lâu
洘秫秫,khó-sut-sut
可比,khó-pí
齒khok仔,khí-khok-á
水觳仔,chúi-khok-á
鉛筆觳仔,iân-pit-khok-á
相硞,khok-téng-khok
碌硞馬,lo̍k-kho̍k-bé
悾悾戇戇,khong-khong-gōng-gōng
炕肉,khòng-bah
炕窯,khòng-iô
圓箍仔,îⁿ-kho͘-á
目箍,ba̍k-kho͘
柴箍,chhâ-kho͘
一箍銀,chit-kho͘-gîn
一箍人,chit-kho͘-lâng
跍落去,khû-lo̍h-khì
跍佇遮,khû-tī-chia
新款,sin-khoán
看款,khòaⁿ-khoán
款行李,khóaⁿ-hêng-lí
講看覓,kóng-khòaⁿ-māi
快活,khùiⁿ-oa̍h
愛睏,ài-khùn
歇睏,hioh-khùn
一睏仔,chit-khùn-á
樹枝,chhiū-ki
一枝筆,chit-ki-pit
木屐,bo̍k-屐
柴屐,chhâ-kia̍h
見若,kiàn-nā
免驚,bián-kiaⁿ
驚鳥鼠,kiaⁿ-niáu-chhí/chhú
行路,kiâⁿ-lō͘
行船,kiâⁿ-chûn
跋筊,poa̍h-kiáu
激派頭,kik-phài-thâu
激酒,kik-chiú
激力,kek-la̍t
今仔日,kin-á-ji̍t/li̍t
弓蕉,kin-chio
緊來,kín-lâi
真緊,chin-kín
揀食,kín-chia̍h
揀菜,kíng-chhài
景緻,kéng-tì
碗墘,óaⁿ-kîⁿ
溪仔墘,khe/kho  -á-kîⁿ
伸勼,chhun-kiu
勼水,kiu-chúi
勼跤勼手,kiu-kha-kiu-chhiú
糾筋,kiù-kin
糾帶,kiù-tòa
糾紛,kiù-hun
猶閣,iáu-koh
閣再,koh-chài
竹管,tek-kóng
欶管,soh-kóng
蟳仔管,chîm-á-kóng
靴管,hia-kóng
講話,kóng-ōe
講耍笑,kóng-sńg-chhiò
姑不而將,ko͘-put-jî-chiong
姑情,ko͘-chiâⁿ
共人姑情,kā-lâng-ko͘-chiâⁿ
茶鈷,tê-kó͘
一鈷茶,chit-kó͘-tê
古意,kó͘-ì
古錐,kó͘-chui
糊仔,kô͘-á
麵線糊,mī-sòaⁿ-kô͘
糊紙,kô͘-chóa
跔佇遐,ku-tī-hia
罔跔,bóng-ku
掛目鏡,kòa-ba̍k-kiàⁿ
掛號,kòa-hō
鼎蓋,tiáⁿ-kòa
慣勢,koàn-sì
山真懸,soaⁿ-chin-koân
價數懸,kè-siàu-koân
肉乾,bah-koaⁿ
豆乾,tāu-koaⁿ
寒天,koâⁿ-thiⁿ
寒人,koâⁿ--lâng
寒著,koâⁿ--tio̍h
瓜仔哖,koe-á-nî
鹹粿,kiâm-kóe/ké
炊粿,chhoe-kóe/ké
果子,ké-chí
一橛甘蔗,chi̍t-kòe-kam-chià
雞胿,ke/koe-kui
頷胿,ām-kui
規家伙仔,kui-ke-hé-á
規个,kui-ê
規氣,kui-khì
幾若擺,kúi-nā-pái
幾若百萬,kúi-nā-pah-bān
骨力,kut-la̍t
蜊仔,lâ-á
鹹蜊仔,kiâm-lâ-á
蟧蜈,lâ-giâ
垃圾,lah-sap
垃圾衫,lah-sap-saⁿ
厝內,chhù-lāi
內裡,lāi-lí
橐袋仔,lak-tē-á
落漆,lak-chhat
落毛,lak-mo͘
荏懶,lám-nōa
咱人,lán-lâng
咱查某囝,lán-cha-bó͘-kiáⁿ
好人,hó-lâng
讀冊人,tha̍k-chheh-lâng
人客,lâng-kheh
人客廳,lâng-kheh-thiaⁿ
請人客,chhiáⁿ-lâng-kheh
竹仔籠床,tek-á-lâng-chhng
籠床蓋,lâng-chhng-kòa
弄獅,lāng-sai
戲弄,hì-lāng
變猴弄,pìⁿ-kâu-lāng
塌落來,lap--lo̍h-lâi
塌底,lap-té
跤骨扭著,kha-kut-láu--tio̍h
落風,làu-hong
落屎,làu-sái
落氣,làu-khùi
落褲,làu-khò͘
老歲仔人,lāu-hòe/hè-á-lâng
老歲仔目,lāu-hòe/hè-á-ba̍k
有佇咧,ū-tī-leh
佇咧睏,tī-leh-khùn
你緊去,lí-kín-khì
你緊去,lí-kín-khì
掠魚仔,lia̍h-hî/hû-á
掠包,lia̍h-pau
連鞭,liâm-mi
換輪,ōaⁿ-lián
落輪,lak-lián
撚耳仔,lián-hīⁿ-á
撚喙鬚,lián-chhùi-chhiu
佇塗跤輾,tī-thô͘-kha-liàn
踅三輾,se̍h-saⁿ-liàn
生粒仔,seⁿ/siⁿ-liap-á
啉水,lim-chúi
真好啉,chin-hó-lim
恁三个,lín-saⁿ-ê
恁兜,lín-tau
恁學校,lín-ha̍k-hāu
奶仔,ling-á
牛奶,gû-ling
內奶,lāi-ling
褲頭傷冗,khò͘-thâu-siuⁿ-lēng
索仔冗去,soh-á-lēng--khì
錢紮較冗,chîⁿ-chah-khah-liōng
冗十分鐘,liōng-cha̍p-hun-cheng
傷冗剩,siuⁿ-liōng-siōng
時間冗剩,sî-kan-liōng-siōng
鈕仔,liú-á
鈕鈕仔,liú-liú-á
扭搦,liú-la̍k
扭掠,liú-lia̍h
餾凊飯,liū-chhēng-pn̄g
莫閣餾矣,mài-koh-liū--ah
落車,lo̍h-chhia
落雨,lo̍h-hō͘
落肥,lo̍h-pûi
睏落眠,khùn-lo̍h-bîn
橐起來,lok--khí-lâi
手橐仔,chhiú-lok-á
漉喙,lok-chhùi
攏是,lóng-sī
攏總,lóng-chóng
車挵著人,chhia-lòng-tio̍h-lâng
挵門,lòng-mn̂g
挵大鼓,lòng-tōa-kó͘
惱死,ló͘--sí
氣惱,khì-ló͘
氣身惱命,khì-sin-ló͘-miā
勞力,ló-la̍t
露螺,lō͘-lê
攄仔,lu-á
攄頭毛,lu-thâu-mn̂g
倒退攄,tò-thè-lu
攄來攄去,lu-lâi-lu-khì
鑢鼎,lù-tiáⁿ
鑢破皮,lù-phòa-phôe
捋仔,lū-á
捋頭鬃,lū-thâu-chang
一蕊花,chi̍t-lúi-hoe
花蕊,hoe-lúi
兩蕊目睭,nn̄g-lúi-ba̍k-chiu
袂忍得,bē-lún-tit
吞忍,thun-lún
毋好,m̄-hó
毋免,m̄-bián
毋過,m̄-koh
毋但,m̄-nā
阿媽,a-má
北港媽,pak-káng-má
觀音媽,kuan-im-má
按呢嘛好,án-ne-mā-hó
我嘛知,góa-mā-chai
莫去,mài-khì
莫講,mài-kóng
暝日,mê-ji̍t/li̍t
無暝無日,bô-mê-bô-ji̍t/li̍t
番薯糜,han-chî-môe/bê
鹹糜,kiâm-môe/bê
嚨喉,nâ-âu
早若知,chá-nā-chai
若是,nā-sī
躡跤尾,neh/nih-kha-bóe
手䘼,chhiú-ńg
長䘼,tn̂g-ńg
短䘼,té-ńg
黃梔仔花,n̂g-ki-á-hoe
火夾,hé-ngeh
夾菜,ngeh-chhài
豆莢,tāu-ngeh
一莢,chi̍t-ngeh
挾佇中央,khi̍h-tī-tiong-ng
挾牢咧,khi̍h-tiâu--leh
驚擽,kiaⁿ-ngiau
心內擽擽,sim-lāi-ngiau-ngiau
偷拈,thau-ni
桌頂拈柑,toh-téng-ni-kam
鳥鼠,niú-chhí
娘囝,niû-kiàⁿ
軁磅空,nǹg-pōng-khang
軁鑽,nǹg-chǹg
雞卵,ke-nn̄g
鴨卵,ah-nn̄g
卵仁,nn̄g-jîn/lîn
撋粿,nōa-kóe/ké
撋鹹菜,nōa-kiâm-chhài
撋衫,nōa-saⁿ
流喙瀾,lâu-chhùi-nōa
收瀾,siu-nōa
呵咾,o-ló
蚵仔麵線,ô-á-mī-sòaⁿ
蚵仔煎,ô-á-chian
真僫,chin-oh
僫講,oh-kóng
烏枋,o͘-pang
烏人,o͘-lâng
烏暗,o͘-àm
挖空,ó͘-khang
挖耳空,ó͘-hīⁿ-khang
阿爸,a-pa (pah/pâ)
花瓶,hoe-pân
酒瓶,tsiú-pân
水瓶,tsuí-pân
範勢,pān-sè
枋仔,pang-á
枋寮,Pang-liâu
紙枋,chóa-pang
鐵枋,thih-pang
爸母,pē-bú
老爸,lāu-pē
擘柑仔,peh-kam-á
目睭擘金,ba̍k-chiu-peh-kim
一葩電火,chi̍t-pha-tiān-hóe/hé
兩葩葡萄,nn̄g-pha-phû-tô
拍鼓,phah-kó͘
拍鎖匙,phah-só-sî
拍鱗,phah-lân
拍呃,phah-eh
拍算,phah-sǹg
歹腹肚,pháiⁿ/phái-pak-tó͘
歹聲嗽,pháiⁿ/phái-siaⁿ-sàu
歹講,pháiⁿ/phái-kóng
歹勢,pháiⁿ-sè
揹冊包,phāiⁿ-chheh-pau
揹物件,phāiⁿ-mi̍h-kiāⁿ
清芳,chheng-phang
米芳,bí-phang
捀茶,phâng-tê
捀菜,phâng-chhài
冇冇,phāⁿ-phāⁿ
冇柴,phāⁿ-chhâ
冇粟,phāⁿ-chhek
冇數,phāⁿ-siàu
四界抨,sì-kè-phiann
抨椅仔,phiann-í-á
歕phín仔,pûn-phín-á
鼻空,phīⁿ-khang
鼻看覓,phīⁿ-khòaⁿ-māi
流鼻,lâu-phīⁿ
甘蔗粕,kam-chià-phoh
檳榔粕,pin-nn̂g-phoh
豐沛,phong-phài
捧水,phóng-chúi
捧米,phóng-bí
膨紗,phòng-se
膨皮,phòng-phôe/phê
膨鼠,phòng-chhí/chhú
蘋果,phōng-kó
鋪地毯,phoo-tē-thán
鋪路,phoo-lō͘
總鋪,chóng-phoo
店舖,tiàm-phò͘
總舖師,chóng-phò͘-sai
一舖路,chi̍t-phò͘-lō͘
扶起來,phô͘--khí-lâi
扶頂司,phô͘-téng-si
臭殕,chhàu-phú
殕色,phú-sek
殕殕,phú-phú
批信,phoe/phe-sìn
限時批,hān-sî-phoe/phe
呸痰,phùi-thâm
起呸面,khí-phùi-bīn
用潘飼豬,iōng-phun-chhī-ti/tu
米潘,bí-phun
歕觱仔,pûn-pi-á
煏豬油,piak-ti/tu-iû
煏豆仔,piak-tāu-á
煏開,piak-khui
便所,piān-só͘
摒房間,piàⁿ-pâng-keng
摒糞埽,piàⁿ-pùn-sò
拍拚,phah-piàⁿ
拚命,piàⁿ-miā
撆手䘼,pih-chhiú-ńg
撆褲跤,pih-khò͘-kha
貧惰,pîn-tōaⁿ
倒反,tò-píng
反爿,píng-pêng
正爿,chiàⁿ-pêng
倒爿,tò-pêng
保庇,pó-pì
相碰,sio-pōng
磅仔,pōng-á
磅重,pōng-tāng
磅米芳,pōng-bí-phang
磅空,pōng-khang
磅子,pōng-chí
草埔,chháu-po͘
海沙埔,hái-soa-po͘
墓仔埔,bōng-á-po͘
魚脯,hî-pó͘
菜脯,chhài-pó͘
脯脯,pó͘-pó͘
大富,tōa-pù
富死,pù--sí
盤車,pōaⁿ-chhia
盤山過嶺,pōaⁿ-soaⁿ-kòe/koè-niá
盤牆仔,pōaⁿ-chhiûⁿ-á
盤撋,pōaⁿ-nōa
菠薐仔,poe-lêng-á
掰頭鬃,poe-thâu-chang
掰走,poe-cháu
培墓,pē-bōng
糞埽,pùn-sò
歕風,pûn-hong
歕鼓吹,pûn-kó͘-chhoe/chhe
烏白捎,o͘-pe̍h-sa
捎無總,sa-bô-cháng
捎錢,sa-chîⁿ
煠卵,sa̍h-nn̄g
煠肉,sa̍h-bah
煠麵,sa̍h-mī
放捒,pàng-sak
捒車,sak-chhia
捒做堆,sak-chò-tui
瘦肉,sán-bah
瘦田,sán-chhân
散赤,sàn-chhiah
散食,sàn-chhiah-chia̍h
穿衫,chhēng-saⁿ
衫仔褲,saⁿ-á-khò͘
霎霎仔雨,sap-sap-á-hō͘
雨霎仔,hō͘-sap-á
梢聲,sau-siaⁿ
聲嗽,siaⁿ-sàu
咳嗽,ka-sàu
細聲,sè/sòe-siaⁿ
細漢,sè/sòe-hàn
踅街,se̍h-ke/koe
踅圓箍仔,se̍h-îⁿ-kho͘-á
踅踅唸,se̍h-se̍h-liām
生仔,seⁿ/siⁿ-á
生鍋,seⁿ/siⁿ-oe
生成,seⁿ/siⁿ-sêng
一世人,chi̍t-sì-lâng
出世,chhut-sì
四界,sì-kè
序大,sī-tōa
閃爍,siám-sih
生鉎,seⁿ/siⁿ-sian
身軀全鉎,sin-khu-choân-sian
五仙錢,gō͘-sián-chîⁿ
無半仙,bô-pòaⁿ-sián
人siān-siān,siān-siān
厭siān,ià-siān
蟮蟲仔,siān-thâng-á
啥貨,siáⁿ-hòe/hè
啥款,siáⁿ-khoán
啥人,siáⁿ-lâng
啥物代誌,siáⁿ-mih-tāi-chì
共人唌,kā-lâng-siâⁿ
唌胡蠅,siâⁿ-hô͘-sîn
起痟,khí-siáu
痟股票,siáu-kó͘-phiò
算數,sǹg-siàu
數簿,siàu-phō͘
數念,siàu-liām
少年,siàu-liân
數想,siàu-siūⁿ
爍爁,sih-nah
熟似,se̍k-sāi
心酸,sim-sng
身軀,sin-khu
新婦,sin-pū
承球,sîn-kiû
承水,sîn-chúi
承話尾,sîn-ōe-bóe/bé
相借問,sio-chià-mn̄g
小可仔,sió-khóa-á
手液,chhiú-e̍k/io̍h
臭跤液,chhàu-kha-e̍k/io̍h
上好,siōng-hó
上濟,siōng-chē
四秀仔,sì-siù-á
失志,sit-chì
鳥仔岫,chiáu-á-siū
賊岫,chha̍t-siū
受氣,siū-khì
傷鹹,siuⁿ-kiâm
傷大,siuⁿ-tōa
愛耍,ài-sńg
好耍,hó-sńg
挲草,so-chhàu
挲圓仔,so-îⁿ-á
鎖匙,só-sî
蟲咧趖,thâng-leh-sô
四界趖,sì-kè-sô
鼎邊趖,tiáⁿ-piⁿ-sô
跳索仔,thiàu-soh-á
搝大索,khiú/giú-tōa-soh
草地倯,chhàu-tōe-sông
倯閣有力,sông-koh-ū-la̍t
所費,só͘-hùi
合軀,hah-su
一軀衫,chi̍t-su-saⁿ
思慕,su-bō͘
搬徙,pōaⁿ-sóa
徙位,sóa-ūi
紲落去,sòa-lo̍h-khì
紲落去,sòa-lo̍h-khì
相紲,sio-sòa
接紲,chiap-sòa
順紲,sūn-sòa
煞戲,soah-hì
煞尾,soah-bóe/bé
煞落雨,soah-lo̍h-hō͘
漩尿,sôaⁿ-jiō/liō
漩桶,sôaⁿ-tháng
璇石,sôaⁿ-chio̍h
散開,sòaⁿ-khui
分散,hun-sòaⁿ
欶管,suh-kóng
欶奶,suh-leng
欶水,suh-chúi
媠氣,súi-khùi
愛媠,ài-súi
隨來,sûi-lâi
相隨,sio-sûi
隨在,sûi-chāi
巡社區,sûn-siā-khu
畫一巡,ōe-chi̍t-sûn
目睭重巡,ba̍k-chiu-têng-sûn
喙焦,chhùi-ta
臭火焦,chhàu-hóe-ta
大家,ta-ke
大官,ta-koaⁿ
罩霧,tà-bū
蠓罩,báng-tà
雞罩,ke-tà
戇大呆,gōng-tōa-tai
臭奶呆,chhàu-leng-tai
代誌,tāi-chì
逐个人,ta̍k-ê-lâng
逐擺,ta̍k-pái
澹糊糊,tâm-kô͘-kô͘
澹漉漉,tâm-lok-lok
衫澹去,saⁿ-tâm--khì
淡薄仔,tām-po̍h-á
擲石頭,tāⁿ-chio̍h-thâu
擲掉,tàn-tiāu
霆雷公,tân-lûi-kong
霆水雷,tân-chúi-lûi
過一冬,kòe-chi̍t-tang
好年冬,hó-nî-tang
早冬,chá-tang
當時開會,tang-sî-khui-hōe
佇當時,tī-tang-sî
凍霜,tàng-sng
到今,kàu-taⁿ
阮兜,gún-tau
跤兜,kha-tau
鬥做伙,tàu-chò-hóe
鬥陣,tàu-tīn
鬥跤手,tàu-kha-chhiú
鬥相共,tàu-saⁿ-kāng
沓沓仔講,tauh-tauh-á-kóng
貯水,té-chúi
貯飯,té-pn̄g
硩年,teh-nî
硩重,teh-tāng
紙硩,chóa-teh
硩茶盤,teh-tê-pôaⁿ
硩嗽,teh-sàu
癩,thái-ko
癩鬼,thái-ko-kúi
刣豬,thâi-ti
刣頭,thâi-thâu
刣掉,thâi-tiāu
趁錢,thàn-chîⁿ
趁早,thàn-chá
通光,thang-kng
毋通,m̄-thang
迵過,thàng-kòe
規年迵天,kui-nî-thàng-thiⁿ
疼痛,thiàn-thàng
窒仔,that-á
窒車,that-chhia
敨索仔,tháu-soh-á
敨放,tháu-pàng
敨開,tháu-khui
敨氣,tháu-khùi
透早,thàu-chá
頭殼,thâu-khak
頭先,thâu-seng
頭路,thâu-lō͘
倒退,tò-thè
退火,thè-hóe
退伍,thè-ngó͘
替換,thè-ōaⁿ
提錢,thê-chîⁿ
提物件,thê-mi̍h-kiāⁿ
目睭褫開,ba̍k-chiu-thí-khui
活欲忝死,oa̍h-beh-thiám--sí
喙齒疼,chhùi-khí-thiàⁿ
疼惜,thiàⁿ-sioh
疼囝,thiàⁿ-kiáⁿ
刁工,thiau-kang
斟茶,thîn-tê
斟酒,thîn-chiú
相伨,sio-thīn
伨頭,thīn-thâu
伨親,thīn-chhin
褪殼,thǹg-khak
褪衫,thǹg-saⁿ
討債,thó-chè
捅頭,thóng-thâu
三十捅歲,sòaⁿ-cha̍p-thóng-hòe
雞仔捅米,ke-á-thóng-bí
土地,thó͘-tē
土直,thó͘-ti̍t
土產,thó͘-sán
塗沙,thô͘-soa
塗跤,thô͘-kha
毋通拖,m̄-thang-thoa
拖磨,thoa-bôa
挩門,thoa̍h-mn̂g
挩窗,thoa̍h-thang
挩枋,thoa̍h-pang
屜仔,thoa̍h-á
頂屜,téng-thoa̍h
托懸,thuh-koân
托下頦,thuh-ē-hâi
黜鼎疕,thuh-tiáⁿ-phí
黜沙,thuh-soa
黜臭,thuh-chhàu
坉井,thūn-chéⁿ
坉塗,thūn-thô͘
坉本,thūn-pún
智識,tì-sek
碗箸,ōaⁿ-tī
一雙箸,chi̍t-siang-tī
佇遮,tī-chia
有佇咧,ū-tī--leh
踮遮,tiàm-chia
踮佗位,tiàm-tó-ūi
顛倒反,tian-tò-píng
顛倒好,tian-tò-hó
大鼎,tōa-tiáⁿ
鼎鍋仔,tiáⁿ-oe-á
頭前埕,thâu-chêng-tiâⁿ
運動埕,ūn-tōng-tiâⁿ
定定去,tiāⁿ-tiāⁿ-khì
徛定定,khiā-tiāⁿ-tiāⁿ
定著,tiāⁿ-tio̍h
牛牢,gû-tiâu
掠予牢,lia̍h-hō͘-tiâu
黏牢,liâm-tiâu
考牢大學,khó-tiâu-tāi-ha̍k
抌石頭,tīⁿ-chio̍h-thâu
鎮位,tìn-ūi
一陣人,chi̍t-tīn-lâng
挨挨陣陣,e-e-tīn-tīn
陣頭,tīn-thâu
亭仔跤,têng-á-kha
厝頂,chhù-téng
一頂帽仔,chi̍t-téng-bō-á
頂擺,téng-pái
柴,tēng-chhâ
米,tēng-bí
篤,tēng-tauh
傷滇,siuⁿ-tīⁿ
斟予滇,thîn-hō͘-tīⁿ
趒跤頓蹄,tiô-kha-tǹg-tê
驚一趒,kiaⁿ-chi̍t-tiô
毋著,m̄-tio̍h
著獎,tio̍h-chióng
看著,khòaⁿ-tio̍h
中晝,tiong-tàu
袂記得,bē-kì-tit
袂比得,bē-pí-tit
張持,tiuⁿ-tî
轉南風,tńg-lâm-hong
轉去,tńg--khì
輪仔咧轉,lián-á-leh-tńg
小轉一下,sió-tńg--chi̍t-ē
顧三頓,kò͘-saⁿ-tǹg
頓印仔,tǹg-ìn-á
頓椅頓桌,tǹg-í-tǹg-toh
頓龜,tǹg-ku
搪著同學,tn̄g-tio̍h-tông-o̍h
拄搪,tú-tn̄g
一字都毋捌,chi̍t-jī-to-m̄-bat
佗位,tó-ūi
倒掉,tò-tiāu
倒手,tò-chhiú
倒頭栽,tò-thâu-chai
倒摔向,tò-siàng-hiàⁿ
按呢就著,án-ne-tō-tio̍h
著火,to̍h-hóe
點予著,tiám-hō-to̍h
剁肉,tok-bah
剁斷,tok-tn̄g
啄龜,tok-ku
當做寶貝,tòng-chò/chòe-pó-pòe
撞球,tōng-kiû
杜蚓,tō͘-kún
查某,cha-bó͘
昨昏,cha-hng
查埔,cha-po͘
紮錢,chah-chîⁿ
紮便當,chah-piān-tong
閘水,cha̍h-chúi
水閘仔,chúi-cha̍h-á
知影,chai-iáⁿ
知苦,chai-khó͘
才調,châi-tiāu
蹔予伊斷,chām-hō͘-i-tn̄g
蹔跤步,chām-kha-pō͘
彼站,hit-chām
這站仔,chit-chām-á
站節,chām-chat
大欉樹仔,tōa-châng-chhiū-á
一欉玫瑰,chi̍t-châng-mûi-kùi
乍白菜,chā-pe̍h-chhài
乍油,chāⁿ-iû
雜唸,chap-liām
關節,koan-chat
小節一下,sió-chat--chi̍t-ē
實櫼,cha̍t-chiⁿ
實捅捅,cha̍t-thóng-thóng
實鼻,cha̍t-phīⁿ
四界走,sì-kè/kòe-cháu
走路,cháu-lō͘
走標,cháu-pio
走味,cháu-bī
灶跤,chàu-kha
灶頭,chàu-thâu
這是啥,che-sī-siáⁿ
濟話,chē-ōe
濟少,chē-chió
鑿目,chak-ba̍k
摻一寡糖,chham-chi̍t-kóa-thn̂g
摻鹽,chham-iâm
參加,chham-ka
草蜢仔,chhàu-me-á
冊包,chheh-pau
冊店,chheh-tiàm
青色,chheⁿ/chhiⁿ-sek
青草,chheⁿ/chhiⁿ-chhàu
生份,chheⁿ/chhiⁿ-hūn
青盲,chheⁿ/chhiⁿ-mê
刺毛蟲,chhì-mô͘-thâng
計程車,kè-thêng-chhia
車頭,chhia-thâu
刺膨紗,chhiah-phòng-se
刺皮鞋,chhiah-phôe/phê-ê
刺字,chhiah-jī
攕仔,chhiám-á
李仔攕,lí-á-chhiám
唱聲,chhiàng-siaⁿ
倩工人,chhiàn-kang-lâng
倩車,chhiàn-chhia
搜物件,chhiâu-mi̍h-kiāⁿ
搜皮箱,chhiau-phôe/phê-siuⁿ
搜紅毛塗,chhiau-âng-mn̂g-thô͘
撨時鐘,chhiâu-sî-cheng
撨價數,chhiâu-kè-siàu
撨骨,chhiâu-kut
撨徙位,chhiâu-sóa-ūi
揤電鈴,chi̍h-tiān-lêng
揤予伊牢,chi̍h-hō͘-i-tiâu
粟仔,chhik-á
粟鳥仔,chhek-chiáu-á
親像,chhin-chhiūⁿ
親情五十,chhin-chiâⁿ-gō͘-cha̍p
親情朋友,chhin-chiâⁿ-pêng-iú
凊彩,chhìn-chhái
清氣相,chheng-khì-siùⁿ
愛清氣,ài-chheng-khì
清芳,chheng-phang
擤鼻,chhīⁿ-phīⁿ
穿衫,chhēng-saⁿ
食穿,chia̍h-chhēng
鮮魚仔,chhiⁿ-hî/hû-á
肉有鮮,bah-ū-chhiⁿ
笑咍咍,chhiò-hai-hai
拭喙,chhit-chhùi
拭仔,chhit-á
迌,chhit-thô
手電,chhiú-tiān
吮魚頭,chhńg-hî/hû-thâu
鳥仔吮毛,chiáu-á-chhńg-mn̂g
創業,chhòng-gia̍p
創啥,chhòng-siáⁿ
創治,chhòng-tī
趨趨,chhu-chhu
趨雪,chhu-seh
起厝,khí-chhù
厝邊,chhù-piⁿ
跙一倒,chhū-chi̍t-tó
跙冰,chhū-peng
頭,chhōa-thâu
囡仔,chhōa-gín-á
娶某,chhōa-bó͘
嫁娶,kè-chhōa
疶屎,chhǹg-sái
礤番薯簽,chhòa-han-chî-chhiam
礤冰,chhòa-peng
菜礤,chhài-chhòa
掣毛,chhòa-mn̂g
掣斷,chhòa-tn̄g
攢好勢,chhâⁿ-hó-sè
攢便便,chhâⁿ-piān-piān
竹扦,tek-chhòaⁿ
扦著,chhòaⁿ-tio̍h
炊粿,chhoe-kóe/ké
炊粽,chhoe-chàng
炊飯,chhoe-pn̄g
箠仔,chhê/chhê-á
球箠,kiû-chhê/chhê
揣物件,chhōe-mi̍h-kiāⁿ
相揣,sio-chhōe
好喙,hó-chhùi
喙舌,chhùi-chi̍h
喙䫌,chhùi-phóe/phé
喙脣,chhùi-tûn
賰偌濟,chhun-jōa-chē
賰偌久,chhun-jōa-kú
有賰,ū-chhun
麻糍,môa-chî
佇遮,tī-chia
遮的,chia--ê
遮的,chia-ê
拄才,tú-chiah
遮緊,chiah-kín
遮爾媠,chiah-nī-súi
遮爾大,chiah-nī-tōa
食穿,chia̍h-chhēng
食茶,chia̍h-tê
針黹,chiam-chí
煎魚仔,chian-hî/hû-á
煎卵,chian-nn̄g
蚵仔煎,ô-á-chian
鹹汫,kiâm-chiáⁿ
汫水,chiáⁿ-chúi
軟汫,nńg-chiáⁿ
誠貴,chiâⁿ-kùi
誠好,chiâⁿ-hó
成人,chiâⁿ-lâng
成百个,chiâⁿ-pah-ê
照起工,chiàu-khí-kang
寂寞,chek-bo̍k
相唚,sio-chim
唚喙䫌,chim-chhùi-phóe/phé
斟酌,chim-chiok
相舂,sio-chèng
舂著壁,chèng-tio̍h-piah
舂米,chèng-bí
從細漢,chêng-sè-hàn
從到今,chêng-kàu-taⁿ
櫼入去,chiⁿ--ji̍p-khì
櫼仔,chiⁿ-á
茈薑,chīⁿ-kiuⁿ
幼茈,iù-chīⁿ
糋甜粿,chīⁿ-tiⁿ-kóe/ké
豆乾糋,tāu-koaⁿ-chīⁿ
舐指頭仔,chīⁿ-chíⁿ-thâu-á
舐枝仔冰,chīⁿ-ki-á-peng
舐盤仔,chīⁿ-pôaⁿ-á
少數,chió-sò͘
至少,chì-chió
這陣,chit-chūn
這馬,chit-má
一寡物件,chi̍t-kóa-mi̍h-kiāⁿ
守空房,chiú-khang-pâng
守寡,chiú-kóa/chiúⁿ-kóaⁿ
咒誓,chiù-chōa
成就,sêng-chiū
就業,chiū-gia̍p
螿蜍,chiuⁿ-chî
做伙耍,chò-hóe-sńg
做伙來去,chò-hóe-lâi-khì
作穡人,choh-sit-lâng
認真作穡,jīn-chin-choh-sit
昨日,cho̍h--jit
椅苴仔,í-tsū-á
苴枋,tsū-pang
尿苴仔,jiō/liō-tsū-á
苴報紙,tsū-pò-chóa
行一逝,kiâⁿ-chi̍t-tsū
一逝路,chi̍t-tsū-lō͘
寫一逝,siá-chi̍t-tsū
煎茶,choaⁿ-tê
煎藥仔,choaⁿ-io̍h-á
炸豬油,chhiān-ti/tu-iû
烏白炸,o͘-pe̍h-chhiān
水雞,chúi-ke/koe
一陣風,chi̍t-chūn-hong
時陣,sî-chūn
拄著貴人,tú-tio̍h-kùi-jîn/lîn
相拄,sio-tú
硩注,tú-tù
拚孤注,piàⁿ-ko͘-tù
一注錢,chi̍t-tù-chîⁿ
駐水,tū-chúi
駐死,tū--sí
蹛飯店,tòa-pn̄g-tiàm
蹛佇遮,tòa-tī-chia
肚胿仔,tō͘-kuai-á
綴人講,tòe/tè-lâng-kóng
綴人時行,tòe/tè-lâng-sî-kiâⁿ
綴袂著陣,tòe/tè-bē-tio̍h-tīn
盹龜,tuh-ku
揬破,tu̍h-phòa
揬一空,tu̍h-chi̍t-khang
倚晝,óa-tàu
相倚,sio-óa
倚靠,óa-khò
冤家,oan-ke
怨嘆,oàn-thàn
晏睏,òaⁿ-khùn
晏起來,òaⁿ--khí-lâi
斡正爿,oat-chiàⁿ-pêng
彎彎斡斡,oan-oan-oat-oat
越頭,oa̍t-thâu
越轉身,oa̍t-tńg-sin
針咧揻,chiam-leh-ui
搵豆油,ùn-tāu-iû
搵料,ùn-liāu
鬱卒,ut-chut