POJ,Hanji,en,cn
a-pa/pah/pâ,阿爸,father,爸爸
a-bú/bó,阿母,mother,媽媽
a-kīm,阿妗,aunt (wife of maternal uncle),舅媽
a-m,阿姆,aunt (father's brother's wife),伯母
gín-á,囡仔,child,小孩子
sim-koaⁿ-á-kiáⁿ,心肝仔囝,darling,心肝寶貝
ah-pà,壓霸,domineering; unreasonable,蠻橫不講理
ah-sái,曷使,why bother?,何須、何必
ah-tioh,曷著,why bother?,何須、何必
ah-káⁿ,曷敢,how dare?,怎麼敢
a̍h-sī,抑是,or,或者、或是
ài-sńg,愛耍,playful; fun-loving,好玩
ài-khùn,愛睏,sleepy,想睡覺
āiⁿ-gín-á,偝囡仔,to carry a child on one's back,背小孩
āiⁿ-kin,偝巾,baby carrier,背小孩的背巾
ak-hoe,沃花,water the flowers,澆花
ak-hō͘,沃雨,get caught in the rain,淋雨
môe/bê-siuⁿ-ám,糜傷泔,watery porridge,稀飯水太多
ám- môe/bê-,泔糜,porridge,稀飯
chiuⁿ-ám,漿泔,to starch,漿洗
ām-kún,頷頸,neck,脖子
án-ne,按呢,"like this, in this way",這樣、如此
án-chóaⁿ,按怎,"how, why",怎麼、怎樣
pák-ân-ân,縛絚絚,tied up tightly,綁得很緊
chhiú-thâu-ân,手頭絚,tight financial situation,經濟情況拮据
ang-bó͘,翁某,husband and wife,夫妻
ang-sài,翁婿,husband,丈夫
pò͘-tē-hì-ang-á,布袋戲尪仔,glove puppet,布袋戲偶
ang-á-phiau,尪仔標,a type of round trading card,"童玩,一種圓形紙牌"
at-tng,遏斷,to break off,折斷
at-chhiū-ki,遏樹枝,to break a branch,折樹枝
au-saⁿ,漚衫,to soak clothes,浸泡衣服
au-kiâm-chhài,漚鹹菜,to pickle vegetables,醃製鹹菜
tê-au,茶甌,teacup,茶杯
chit-au-tê,一甌茶,a cup of tea,一杯茶
áu-tng,拗斷,to break off,折斷
ngē-áu,硬拗,to twist facts,扭曲事實
chhâ-àu--khì,柴漚去,the wood is rotten,木柴腐朽
àu-hòe,漚貨,rotten goods,爛貨
àu-pō͘,漚步,dirty trick,卑劣的方法、手段
āu--jit/lit,後日,the day after tomorrow,後天
āu-jit/lit,後日,in the future,以後
khng-au-piah,囥後壁,put in the back,放在後面
Au-piah-hiong,後壁鄉,Houbi Township,台南地名
mng-koaiⁿ-bô͘-bā,門關無峇,the door is not closed tightly,門沒有關緊
kò-sèng-chin-bā,個性真峇,compatible personality,個性很合得來
sim-chêng-bái,心情䆀,in a bad mood,心情不好
khoân-kéng-bái,環境䆀,bad environment,環境不好
ba̍k-kiàⁿ,目鏡,glasses,眼鏡
ba̍k-bâi,目眉,eyebrow,眉毛
ba̍k-nī,茉莉,jasmine,茉莉花
ba̍k-sái,目屎,tears,眼淚
bán-hoe,挽花,to pick flowers,摘花
bán-tê,挽茶,to pick tea leaves,採茶
bán-kóe-chí,挽果子,to pick fruit,摘水果
bân-phôe,蠻皮,stubborn,頑強不化
bān-chhiáⁿ-sī,慢且是,wait a moment,等一下
báng-tà,蠓罩,mosquito net,蚊帳
báng-á,蠓仔,mosquito,蚊子
chùi-bâng-bâng,醉茫茫,drugged; intoxicated; befuddled,酒醉神智不清
pe̍h-bâng-bâng,白茫茫,a blurry white mass,一片白色而模糊不清
bat-ji/lī,捌字,literate,認識字
bat-khì,捌去,have been there before,曾經去過
chháu-hoat-chin-bat,草發真密,grass grows very densely,草長得很多
bē-chiah-bē-khùn,袂食袂睏,unable to eat or sleep,吃不下、睡不好
bē-kiâⁿ,袂行,cannot walk,不能走路
bē-lâi,袂來,will not come,不會來
bē-tàng-khì,袂當去,cannot go,不能去
beh-chiah-png,欲食飯,want to eat,要吃飯
beh-chai,欲知,if know,如果知道
sió-bî-chit--ē,小眯一下,take a nap,小睡片刻
hō͘-góa-bî--tioh,予我眯著,got a glimpse of,被我瞄到
hong-bî-bî,風微微,breezy,風輕輕地吹
bî-bî-á-chhiò,微微仔笑,smile slightly,淺淺地笑
bī-chúi,沫水,to dive,潛水
bih-hō͘,覕雨,to take shelter from the rain,躲雨
bih-sio-chhōe,覕相揣,hide and seek,捉迷藏
khí-bín-á,齒抿仔,toothbrush,牙刷
ê-bín-á,鞋抿仔,shoe brush,鞋刷
bín-tāu-á,敏豆仔,green bean,四季豆
bîn-á-chài,明仔載,tomorrow,明天
bîn-bāng,眠夢,dream,做夢
bīn-sek,面色,complexion,臉色
bīn-se̍k,面熟,familiar-looking,面熟
bô-chîⁿ,無錢,no money,沒有錢
bô-êng,無閒,not free,沒有時間
bô-khah-choah,無較緩,useless,沒有用
bô-chhái-kang,無彩工,a waste of effort,白費工夫
bô-chhái-chîⁿ,無彩錢,a waste of money,白白浪費錢
bóng-khòaⁿ,罔看,take a look,姑且看看
bóng-chiah,罔食,make do with,將就著吃
tà-bông,罩雺,shrouded in heavy fog,大霧籠罩
khí-bông,起雾,to fog up,慢慢地籠罩雲霧
bông-bū,雾霧,heavy fog,大霧
ang-á-bó͘,翁仔某,husband and wife,夫妻
bó͘-kiáⁿ,某囝,wife and children,妻子、兒女
thiàu-bú,跳舞,dance,跳舞
o͘-pe̍h-bú,烏白舞,to fool around,胡搞
a-bú/bó,阿母,mother,媽媽
lāu-bú/bó,老母,mother,媽媽
bóe/bé-liu,尾溜,tail,尾巴
bóe/bé-āu,尾後,behind,後面
chit-bóe bóe/bé-hî,一尾魚,a fish,一條魚
bóe/bé-ia̍h,尾蝶,butterfly,蝴蝶
ia̍h-á,蝶仔,butterfly,蝴蝶
but-á-hî/hû,魩仔魚,whitebait,魚苗
góa-ê,我的,my,我的
kong-ke-ê,公家的,public,大家共有的
chit-ê,一个,one,一個
chiok-chē/chōe-ê,足濟个,a lot of,很多個
ē-po͘,下晡,afternoon,下午
ē-tàu,下畫,afternoon,下午
ē-hng,下昏,evening,晚上
ē-àm,下暗,evening,晚上
ē-kha,下跤,below,下面
chit-ē,一下,a little bit,一下
ē-sái,會使,can,可以
ē-hiáu,會曉,can,會
ē-hâi,下頦,chin,下巴
ē-tàng-khì,會當去,can go,可以去
hāng-á-chin-e̍h,巷仔真狹,the alley is very narrow,巷子很窄
e̍h-kûn,狹裙,narrow skirt,窄裙
gãi-gioh,礙虐,awkward,彆扭、不舒服
gāng--khì,愣去,"stunned, in a daze",愣住了、發呆
gâu-chá,gâu 早,good morning,早安
gâu-chú-chiah,gâu 煮食,good at cooking,擅長烹飪
ké-gâu,假 gâu,"pretentious, conceited",自以為是
gâu-phòa-pēⁿ/pīⁿ,gâu 破病,prone to illness,常生病
giâ-hòe/hè,夯貨,carry goods,扛貨物
giâ--khí-lâi,夯起來,lift it up,扛起來
giảh-tī/tū,攑箸,pick up chopsticks,拿筷子
giảh-thâu,攑頭,raise head,抬頭
giảh-chhiú,攑手,raise hand,舉手
thâu-mng-giap-á,頭毛鋏仔,hair clip,髮夾
giap-hō͘-i-hó,鋏予伊好,clip it properly,把東西夾好
gia̍p--leh,挾咧,clip on,夾住
gīm-tiâu-tiâu,扲牢牢,grip firmly,緊緊握住
cha-bó͘-gín-á,查某囡仔,girl,女孩子
gín-á-hiaⁿ,囡仔兄,boy,男孩
gêng-sim,凝心,a feeling of depression,心中鬱結
gōng-lâng,戇人,fool,傻瓜
gōng-tai,戇呆,stupid,愚笨
sī-góa,是我,It's me,是我
gōa-kháu,外口,outside,外面
gōa-ke,外家,maternal home,娘家
chap-gōa-hòe,十外歲,over ten years old,十多歲
pah-gōa-ê,百外个,over a hundred,一百多個
gún-ê,阮的,our,我們的
gún-tau,阮兜,my home,我家
gōe-seng,外甥,nephew (sister's son),外甥
goân-gōe,員外,a wealthy person,稱有錢人家的主人
goe̍h/ge̍h-niû,月娘,moon,月亮
hâ-khò͘-tòa,繕褲帶,to fasten the belt,繫皮帶
hâ-kûn,繕裙,apron,圍裙
tek-hah,竹箬,bamboo sheath,竹子外部會脫落的硬葉
kam-chià-hah,甘蔗箬,sugarcane leaf,甘蔗的外葉
kò-sèng-ē-hảh,個性會合,compatible personality,個性契合
hah-su,合軀,well-fitting,合身
jîn/lîn-seng-hái-hái,人生海海,that's life,人生不過如此
hái-éng,海湧,ocean wave,海浪
ham-á,蚶仔,clam,文蛤
hàm-kó͘,諏古,absurd; nonsensical,荒誕不實
hàm-kiàⁿ,諏鏡,magnifying glass,放大鏡
hām-bîn,陷眠,sleep talking,夢囈
ài-háu,愛吼,like to cry,愛哭
chiáu-á-leh-háu,鳥仔咧吼,birds are chirping,鳥在叫
hāu-seⁿ/siⁿ,後生,son,兒子
he-sī-góa-ê,彼是我的,that is mine,那是我的
hē-iâm,下鹽,add salt,加鹽巴
hē-pún-chîⁿ,下本錢,to invest capital,投入本錢
tī-hia,佇遐,there,在那裡
hia--ê,遐的,those,那些
hia-ê-lâng,遐的人,those people there,那裡的人
hiah-chē/chōe,遐濟,so many,那麼多
hiah-bān,遐慢,so slow,那麼慢
hiah-nī-sio,遐爾燒,so hot,那麼熱
hiah-nī-hng,遐爾遠,so far,那麼遠
hiam-chio-á,簽椒仔,chili pepper,辣椒
chhàu-jiō-hiam,臭尿簽,smell of urine,尿臊味
hian-khui,掀開,to lift,掀開
hian-pò-chóa,掀報紙,to flip the newspaper,翻報紙
hiàn-chhut-goân-hêng,現出原形,to reveal one's true colors,顯現出原形
hiān-chú-hiān-chiah,現煮現食,freshly cooked and eaten,當場煮食
khòaⁿ-hiān-hiān,看現現,to see very clearly,看得很清楚
chiok-hiān-sì,足現世,very shameful,真的很丟臉
hiān-sì,現世,to be an eyesore,丟人現眼
hiâⁿ-hóe/hé,燃火,to burn firewood,燒柴火
hiâⁿ-tê,燃茶,to boil water for tea,燒水泡茶
hiâⁿ -kún-chúi,燃滾水,to boil water,燒開水
hiat-ka̍k,㧒捔,to throw away,丟掉
o͘-pe̍h-hiat,烏白㧒,to throw around,亂丟
hiau-pai,囂俳,arrogant,囂張
him-siān,欣羨,envy,羨慕
hêng-iáⁿ,形影,figure,身影
hioh-tàu,歇畫,noon break,午休
hioh-joah,歇熱,summer vacation,放暑假
hioh-kôaⁿ,歇寒,winter vacation,放寒假
hiông-hiông,雄雄,suddenly,突然
hip-iû-png,翕油飯,to steam glutinous oil rice,悶煮油飯
thiⁿ-khì-chin-hip,天氣真翕,the weather is very humid,天氣很悶熱
hip-siōng/siòng,翕相,take a picture,照相
hit-keng-chhù,彼間厝,that house,那間房子
hit-sî,彼時,that time,那時候
hó-ka-chài,好佳哉,fortunately,幸虧、幸好
hó-sè,好勢,all set; done properly,妥當
chò-hong-thai,做風颱,to have a typhoon,颳颱風
hong-thai-thiⁿ,風颱天,typhoon day,颱風時候的天氣
hò͘ⁿ-kî,好奇,curious,好奇
hò͘ⁿ-hiân,好玄,curious,好奇
hô͘-sîn,胡蠅,fly,蒼蠅
hō͘--lí,予你,give you,給你
hō͘-lâng-chhiáⁿ,予人請,to be treated by someone,被人家請
hu-hu--leh,撫撫咧,to pat gently,輕輕地撫摸
hú-tiāu,拊掉,to wipe off,擦掉。
hú-á,拊仔,eraser,橡皮擦
bah-hú,肉拊,pork floss,肉鬆
hú-hî-hú,拊魚拊,to make fish floss,製做魚鬆
hoah-kûn,喝拳,to play the finger-guessing game,猜拳
tōa-siaⁿ-hoah,大聲喝,to shout loudly,大聲喊
hoâiⁿ/hûiⁿ-tit,橫直,anyway,反正
hoan-thâu,翻頭,to turn head,回頭
hoān-sè,凡勢,maybe,也許、說不定
hoat-tō͘,法度,method,辦法
bô-hoat-tō͘,無法度,no way,沒辦法
hoe-bî-á,花眉仔,painted bunting,畫眉鳥
hùi-khì,費氣,troublesome,麻煩
hùi-khì-hùi-tak,費氣費觸,very troublesome,很麻煩
hûi-á,瓷仔,porcelain,陶瓷器
hûi-á-óaⁿ,瓷仔碗,porcelain bowl,瓷碗
hûi-á-kang-tiûⁿ,瓷仔工場,porcelain factory,陶瓷工廠
chia̍h-hun,食薰,to smoke,抽菸
hun-chháu,薰草,tobacco,菸草
hún-chiáu,粉鳥,pigeon,鴿子
pàng-hún-chiáu,放粉鳥,to let pigeons fly,放鴿子
chit-hūn,一份,a portion,一份
jīn-hūn,認份,resigned to one's fate,認份
i-kah-góa,伊佮我,he and I,他和我
i-chin-súi,伊真媠,she is very beautiful,她很漂亮
í-liâu,椅條,bench,長板凳
ī-pâi-á,奕牌仔,play cards,玩牌
ī-chu-á,奕珠仔,play marbles,玩彈珠
iā-sī,也是,also,也是
iā-hó,也好,may as well,也好
ia̍h-á,蛾仔,moth,蛾
chhàu-ia̍h-á,臭蛾仔,moth,蛾
iân-tâu,緣投,handsome,英俊
iân-tâu-gín-á,緣投囡仔,handsome young man,英俊的年輕人
ian-chi,胭脂,rouge,口紅
iàn-khì,厭氣,shameful; regretful,丟臉、悔恨
iân-sui,芫荽,coriander,香菜
iau-kúi,枵鬼,glutton,餓鬼、貪吃鬼
iau-pá-chhá,枵飽吵,to make a fuss for no reason,胡亂吵鬧
iáu/iah/ah/á/iá-bōe,猶未,not yet,還沒有
iáu/iah/ah/á/iá-koh,猶閣,still,尚且
im-thim,陰鴆,gloomy,陰沉。
in-saⁿ-ê,因三个,those three,他們三人
in-bó͘,因某,his wife,他老婆
éng-kòe/kè,往過,in the past,以前
éng-pái,往擺,in the past,以前
éng-éng,往往,often,常常
ū-êng,有閒,to have free time,有空
êng-kang,閒工,spare time,空閒
ioh--tio̍h,臆著,to guess right,猜到
ioh-bī-chhai,臆謎猜,to guess a riddle,猜謎語
ióng-kiāⁿ,勇健,healthy,身體硬
iu-goân,猶原,still,仍然
iú-hàu,有孝,filial,孝順
iù-siù,幼秀,delicate; refined,秀氣
jia-hō͘,遮雨,to shelter from rain,遮雨
jia-jit/li̍t,遮日,to block the sun,遮太陽
kha-jiáu/liáu,跤爪,toenails,腳爪
jiàu/liàu-phòa-phôe,抓破皮,to scratch the skin,抓破皮
jiàu/liàu-bīn,抓面,to scratch the face,抓臉
jîm/lîm-chîⁿ,撏錢,to take out money,掏錢
jîm/lîm--chhut-lâi,撏出來,to take out,掏出來
ji̍p--khì,入去,to go inside,進去
ji̍p-phōe,入被,to put on a quilt cover,裝被套
ji̍p-kàu,入教,to join a religion,參加某種宗教
ji̍t/li̍t-thâu,日頭,sun,太陽
ji̍t/li̍t-chí,日子,day,日子
ji̍t--sî,日時,daytime,白天
jiû/liû-thô͘-kha,揉塗跤,to mop the floor,擦地板
jiû/liû-sin-khu,揉身軀,to wipe the body,擦拭身體
jiû/liû-hî,鰇魚,squid,魷魚。
jiû/liû-hî-keⁿ,鰇魚羮,squid thick soup,魷魚羹
jiû/liû-hî-kńg,鰇魚捲,squid roll,魷魚卷
hang-jiû/liû-hî,烘鰇魚,to bake squid,考魷魚
jú/lú-lâi-jú/lú-chē,愈來愈濟,more and more,愈來愈多
bô-jōa/lōa-kú,無偌久,not long,沒多久
jōa/lōa-chē,偌濟,how many,多少
jōa/lōa-á-nī,偌仔爾,how much,多麼
sio-joa̍h/loa̍h,燒熱,hot,炎熱
joa̍h/loa̍h--lâng,熱人,summer,夏天
hioh-joa̍h/loa̍h,歇熱,summer vacation,放暑假
juê/lê-ba̍k-chiu,挼目睭,to rub the eyes,揉眼睛
juê/lê-saⁿ,挼衫,to wash clothes,搓洗衣服
ka-蚤,虼,flea,跳蚤
ka-choa̍h,虼蠽,cockroach,蟑螂
ka-kiông,加強,to strengthen,加強
cheng-ka,增加,to increase,增加
ka-lún-sún,交懍恂,to shiver,打冷顫
ka-tī,家己,oneself,自己
ka-to,鉸刀,scissors,剪刀
ka-to-pèⁿ/pìⁿ,鉸刀柄,handle of scissors,剪刀柄
ká-ná,敢若,as if,好像
kā-lí-kóng,共你講,to tell you,對你說
kah-phōe,蓋被,to cover with a quilt,蓋被子
kah-thán-á,蓋毯仔,to cover with a blanket,蓋毯子
góa-kah-lí,我佮你,I and you,我和你
chia̍h-kah-chiok-pá,食甲足飽,to eat until full,吃得很飽
kah-ì,佮意,to like,中意
kái-khó-kǹg,改考卷,to grade exam papers,改考卷
kái-hun,改薰,to quit smoking,戒菸
tàn-hiat-ka,擲㧒捔,to throw away,丟掉
bô-lō͘-ēng,無抾捔,useless,沒什麼用
m̄-kam,毋甘,cannot bear to,捨不得
kam-goān,甘願,willingly,情願
kám-kóng,敢講,could it be said that,難道說
lí-kám-beh-khì,你敢欲去,do you want to go?,你是否要去
kám-á-tiàm,柑仔店,grocery store,雜貨店
kan-khó͘,艱苦,tough; hard,難過
kan-na,干焦,only,只有
kāu-kang,厚工,elaborate; involving much work,很費工夫
saⁿ-kang,三工,three days,三天
káng-to͘,港都,harbor city,港口都市
káng-to͘-iā-ú,港都夜雨,Harbor City Night Rain,港都夜雨
kāng-khoán,仝款,the same,相同
sio-kāng,相仝,the same,相同
kap-chò-hóe/hé,敆做伙,to combine,合在一起
kap-io̍h-á,敆藥仔,to mix medicine,調配藥劑
káu-kòai,狡怪,mischievous,調皮搞怪
kàu-ūi,到位,to have arrived,抵達
kàu-sî,到時,when the time comes,到時候
ke-kiám,加減,more or less,加減
ke-ōe,加話,garrulous,多話
ke-āu,家後,wife,妻子
ke-pô,家婆,nosy person,愛管閒事
ke-si,家私,tool,工具、道具
kiâm-kê,鹹膎,salted seafood,醃漬物
ô-á-kê,蚵仔膎,salted oyster,醃漬蚵
chu-lê-kê,珠螺膎,salted top shell,醃漬珠螺
khan-keⁿ,牽羹,to thicken,勾芡
bah-keⁿ,肉羹,meat thick soup,肉羹
kha-chhiú,跤手,hands and feet,手腳
ē-kha,下跤,below,下面
phah-kha-chhiùⁿ,拍咳啾,to sneeze,打噴嚏
phah-kha-chhng,拍尻川,to spank,打屁股
kha-chhng-táu,尻川斗,buttocks,臀部
kha-chhng-āu,尻川後,behind,屁股後面
kha-chiah-phiáⁿ,尻脊骿,back,後背
kha-chiah-āu,尻脊後,behind,背後
kha-thâu-u,跤頭趺,knee,膝蓋
khà-tiān-ōe,敲電話,to make a phone call,打電話
khà-iû,敲油,to take advantage of someone,敲竹槓、勒索
khah-chē,較濟,more,比較多
koh-khah-hó,閣較好,even better,更好
khah-thêng-á,較停仔,wait a moment,等一下
khám-á,坎仔,step,階梯
khám-chām,坎站,stage,階段
chit-khám-tiàm,一坎店,a store,一家店
khàm-kòa,崁蓋,to cover with a lid,用蓋子遮蓋
àm-khàm,暗崁,to hide secretly,暗中隱藏
soaⁿ-khàm,山崁,cliff,山崖
khàm-kha,崁跤,bottom of a cliff,山崖底下
khàm-téng,崁頂,top of a cliff,山崖上面
khang-chhù,空厝,empty house,空屋子
phòa-khang,破空,hole,破洞
chiâⁿ-hó-khang,誠好空,many benefits,好處多多
pháiⁿ/phái-khang,歹空,no benefit,沒有好處
khau-chhì,薅草,to pull out weeds,拔草
khau-thâu-chang,薅頭鬃,to pull someone's hair,揪住頭髮
khau-phôe/phê,剾皮,to peel,削皮
khau-chhùi-chhiu,剾喙鬚,to shave,刮鬍子
khau-hong,剾風,to be exposed to wind,吹風
khau-sé,剾洗,to mock,譏諷挖苦
khè-bah-kut,齧肉骨,to gnaw on a bone,啃骨頭
khè-kam-chià,齧甘蔗,to gnaw on sugarcane,啃甘蔗
khi-chi̍t-pêng,敧一爿,to lean to one side,傾斜一邊
thán-khi,坦敧,askew,歪斜
khí-thok,齒戳,toothpick,牙籤
khiā-hō͘-chiàⁿ,徛予正,to stand upright,站得正
khiā-ke,徛家,residence,住家
khiā-gô,徛鵝,penguin,企鵝
khian-chio̍h-thâu,掔石頭,to throw a stone,扔石頭
o͘-pe̍h-khian,烏白掔,to throw things around,亂丟
chin-khiàng,真勥,very capable,很能幹
khiàng-kha,勥跤,smart and capable,精明能幹
khiau-ku,曲痀,hunchback,駝背
khiau-kha,曲跤,to cross one's legs,翹腳
oan-oan-khiau-khiau,彎彎曲曲,winding,彎彎曲曲
lâng-chin-khiáu,人真巧,very clever,人很聰明
kan-khiáu,奸巧,cunning and clever,聰明狡詐
khik-khui,克虧,to be taken advantage of; to be treated unfairly,委屈、吃虧
khîⁿ-tiâu-tiâu,拑牢牢,to grip tightly,緊緊抓住
khioh--khí-lâi,抾起來,to pick up,撿起來
khioh-si̍p,抾拾,to pick up,撿起來
khioh-jī-chóa,抾字紙,to collect waste paper,撿破爛
khioh-hūn,抾恨,to hold a grudge,懷恨、記恨
khip-tiâu-tiâu,扱牢牢,to hold on tightly,緊緊抓住
bô-khîⁿ-bô-khip,無拑無扱,"unattached, alone",沒有依附的對象
khi̍t-á,杙仔,wooden stake,木樁
Tāi-lí-khi̍t,大里杙,Dali (place name in Taichung),台中地名
khiú/giú-tōa-soh,搝大索,tug-of-war,拔河
khiú/giú-āu-kha,搝後跤,to hold someone back,扯後腿
khiû-mo͘,虯毛,curly hair,毛髮蜷曲
khiû-khiām,虯儉,stingy,吝嗇節儉
khǹg-mi̍h-kiāⁿ,囥物件,to put things away,放東西
khǹg-pō͘,囥步,to have a trick up one's sleeve,留一手
khó-thâu-môe/bê,洘頭糜,thick congee,很濃的粥
khó-lâu,洘流,low tide,退潮
khó-sut-sut,洘秫秫,crowded,人潮擁擠
khó-pí,可比,like; similar to,好比
khí-khok-á,齒khok仔,gargling cup,漱口杯
chúi-khok-á,水觳仔,water dipper,水瓢
iân-pit-khok-á,鉛筆觳仔,pencil case,鉛筆盒
khok-téng-khok,相硞,to collide,相碰撞
lo̍k-kho̍k-bé,碌硞馬,relentless,馬跑個不停
khong-khong-gōng-gōng,悾悾戇戇,muddle-headed,頭腦不清楚
khòng-bah,炕肉,braised pork,熬煮爛熟的肉
khòng-iô,炕窯,to cook in an earthen kiln,用土窯燜熟食物
îⁿ-kho͘-á,圓箍仔,circle,圓圈
ba̍k-kho͘,目箍,eye socket,目眶
chhâ-kho͘,柴箍,wooden hoop,木頭
chit-kho͘-gîn,一箍銀,one dollar,一塊錢
chit-kho͘-lâng,一箍人,one person,一個人
khû-lo̍h-khì,跍落去,to squat down,蹲下去
khû-tī-chia,跍佇遮,to squat here,蹲在這裡
sin-khoán,新款,new style,新樣式
khòaⁿ-khoán,看款,to assess the situation,看情況
khóaⁿ-hêng-lí,款行李,to pack one's luggage,整理行李
kóng-khòaⁿ-māi,講看覓,to give it a try (speaking),說說看
khùiⁿ-oa̍h,快活,happy,快活
ài-khùn,愛睏,sleepy,想睡覺
hioh-khùn,歇睏,to rest,休息
chit-khùn-á,一睏仔,a while,一陣子
chhiū-ki,樹枝,branch,樹枝
chit-ki-pit,一枝筆,a pen,一枝筆
bo̍k-屐,木屐,wooden clogs,木屐
chhâ-kia̍h,柴屐,wooden clogs,木屐
kiàn-nā,見若,whenever,凡是
bián-kiaⁿ,免驚,don't be afraid,不用害怕
kiaⁿ-niáu-chhí/chhú,驚鳥鼠,afraid of mice,怕老鼠
kiâⁿ-lō͘,行路,to walk,走路
kiâⁿ-chûn,行船,to sail,船隻航行
poa̍h-kiáu,跋筊,to gamble,賭博
kik-phài-thâu,激派頭,to show off,假裝很有看頭
kik-chiú,激酒,to make wine,釀酒
kek-la̍t,激力,to exert oneself,使勁用力
kin-á-ji̍t/li̍t,今仔日,today,今天
kin-chio,弓蕉,banana,香蕉
kín-lâi,緊來,come quickly,快來
chin-kín,真緊,very fast,很快
kín-chia̍h,揀食,picky about food,挑食
kíng-chhài,揀菜,to select vegetables,挑菜
kéng-tì,景緻,scenery,風景
óaⁿ-kîⁿ,碗墘,rim of a bowl,碗的邊緣
khe/kho  -á-kîⁿ,溪仔墘,riverside,溪邊
chhun-kiu,伸勼,伸縮,伸縮
kiu-chúi,勼水,shrink (clothing),縮水
kiu-kha-kiu-chhiú,勼跤勼手,timid,畏首畏尾
kiù-kin,糾筋,cramp,抽筋
kiù-tòa,糾帶,elastic band,鬆緊帶
kiù-hun,糾紛,dispute,糾紛
iáu-koh,猶閣,still; yet,還再
koh-chài,閣再,again,再
tek-kóng,竹管,bamboo tube,竹管
soh-kóng,欶管,straw,吸管
chîm-á-kóng,蟳仔管,crab's leg,螃蟹腳
hia-kóng,靴管,bootleg,雨靴
kóng-ōe,講話,to speak,講話
kóng-sńg-chhiò,講耍笑,to joke,開玩笑
ko͘-put-jî-chiong,姑不而將,to have no alternative,逼不得已
ko͘-chiâⁿ,姑情,to plead; to beg,懇求、請託
kā-lâng-ko͘-chiâⁿ,共人姑情,to plead with someone,向人請託
tê-kó͘,茶鈷,teapot,茶壺
chit-kó͘-tê,一鈷茶,a pot of tea,一壺茶
kó͘-ì,古意,honest; old-fashioned,忠厚、老實
kó͘-chui,古錐,cute; lovely,可愛
kô͘-á,糊仔,paste,漿糊
mī-sòaⁿ-kô͘,麵線糊,oyster vermicelli,麵線糊
kô͘-chóa,糊紙,to paste paper,貼紙
ku-tī-hia,跔佇遐,to squat there,蹲在那兒
bóng-ku,罔跔,to stay for a while,暫且停留
kòa-ba̍k-kiàⁿ,掛目鏡,to wear glasses,戴眼鏡
kòa-hō,掛號,to register (at a hospital),掛號
tiáⁿ-kòa,鼎蓋,pot lid,鍋蓋
koàn-sì,慣勢,to get used to,習慣
soaⁿ-chin-koân,山真懸,the mountain is very high,山很高
kè-siàu-koân,價數懸,high price,價格很高
bah-koaⁿ,肉乾,dried meat,肉乾
tāu-koaⁿ,豆乾,dried tofu,豆乾
koâⁿ-thiⁿ,寒天,winter,冬天
koâⁿ--lâng,寒人,winter,冬天
koâⁿ--tio̍h,寒著,to catch a cold,著涼
koe-á-nî,瓜仔哖,cucumber,小黃瓜
kiâm-kóe/ké,鹹粿,savory rice cake,蘿蔔糕、芋頭糕
chhoe-kóe/ké,炊粿,to steam rice cake,蒸製糕點
ké-chí,果子,fruit,水果
chi̍t-kòe-kam-chià,一橛甘蔗,a section of sugarcane,一截甘蔗
ke/koe-kui,雞胿,chicken crop; balloon,雞的嗉囊、氣球
ām-kui,頷胿,esophagus,食道
kui-ke-hé-á,規家伙仔,the whole family,全家人
kui-ê,規个,whole,整個
kui-khì,規氣,simply; just,乾脆
kúi-nā-pái,幾若擺,several times,好幾次
kúi-nā-pah-bān,幾若百萬,several million,好幾百萬
kut-la̍t,骨力,diligent,勤勞、努力
lâ-á,蜊仔,clam,河蜆
kiâm-lâ-á,鹹蜊仔,salted clams,泡製的河蜆
lâ-giâ,蟧蜈,long-legged spider,長腳大蜘蛛
lah-sap,垃圾,dirty,骯髒
lah-sap-saⁿ,垃圾衫,dirty clothes,髒衣服
chhù-lāi,厝內,inside the house,家裡
lāi-lí,內裡,lining of clothing,衣物的裡層
lak-tē-á,橐袋仔,pocket,口袋
lak-chhat,落漆,to lose paint,掉漆
lak-mo͘,落毛,to shed hair,掉毛
lám-nōa,荏懶,lazy; sloppy,懶散、邋遢
lán-lâng,咱人,we (inclusive); lunar calendar,我們人、農曆
lán-cha-bó͘-kiáⁿ,咱查某囝,our daughter,我們的女兒
hó-lâng,好人,good person,好人
tha̍k-chheh-lâng,讀冊人,educated person,讀書人
lâng-kheh,人客,guest,客人
lâng-kheh-thiaⁿ,人客廳,living room,客廳
chhiáⁿ-lâng-kheh,請人客,to invite guests,請客
tek-á-lâng-chhng,竹仔籠床,bamboo steamer,竹製蒸籠
lâng-chhng-kòa,籠床蓋,steamer lid,蒸籠蓋
lāng-sai,弄獅,lion dance,舞獅
hì-lāng,戲弄,to tease,戲弄
pìⁿ-kâu-lāng,變猴弄,to perform monkey tricks,耍猴戲
lap--lo̍h-lâi,塌落來,to collapse,塌下來
lap-té,塌底,bottom sagged down,底部凹陷
kha-kut-láu--tio̍h,跤骨扭著,sprained ankle,腳部扭傷
làu-hong,落風,leaking air,把氣洩出
làu-sái,落屎,diarrhea,拉肚子
làu-khùi,落氣,disgraceful,出糗
làu-khò͘,落褲,pants falling down,褲子掉下來
lāu-hòe/hè-á-lâng,老歲仔人,elderly person,老人家
lāu-hòe/hè-á-ba̍k,老歲仔目,presbyopia,老花眼
ū-tī-leh,有佇咧,is currently (doing something),在
tī-leh-khùn,佇咧睏,is sleeping,在睡覺
lí-kín-khì,你緊去,you go quickly,你快去
lí-kín-khì,你緊去,you go quickly,你快去
lia̍h-hî/hû-á,掠魚仔,to catch fish,捕魚
lia̍h-pau,掠包,to expose someone's shortcomings,揭發、揭穿
liâm-mi,連鞭,immediately,馬上、立刻
ōaⁿ-lián,換輪,to change a tire,換輪子
lak-lián,落輪,the chain has fallen off,鏈條掉了
lián-hīⁿ-á,撚耳仔,to clean one's ears,掏耳朵
lián-chhùi-chhiu,撚喙鬚,to twirl one's mustache,捻鬍鬚
tī-thô͘-kha-liàn,佇塗跤輾,to roll on the ground,在地上滾
se̍h-saⁿ-liàn,踅三輾,to turn three circles,轉三圈
seⁿ/siⁿ-liap-á,生粒仔,to have a sore,長癩瘡
lim-chúi,啉水,to drink water,喝水
chin-hó-lim,真好啉,very tasty (drinks),很好喝
lín-saⁿ-ê,恁三个,you three,你們三人
lín-tau,恁兜,your home,你家
lín-ha̍k-hāu,恁學校,your school,你們的學校
ling-á,奶仔,breast,乳房
gû-ling,牛奶,cow's milk,牛奶
lāi-ling,內奶,inner tube,輪子的內胎
khò͘-thâu-siuⁿ-lēng,褲頭傷冗,the waistband is too loose,褲腰太鬆
soh-á-lēng--khì,索仔冗去,the rope is loose,繩子鬆了
chîⁿ-chah-khah-liōng,錢紮較冗,to bring more money,錢帶多一些
liōng-cha̍p-hun-cheng,冗十分鐘,to allow an extra ten minutes,預留十分鐘
siuⁿ-liōng-siōng,傷冗剩,too many,太多了
sî-kan-liōng-siōng,時間冗剩,plenty of time,時間充裕
liú-á,鈕仔,button,鈕釦
liú-liú-á,鈕鈕仔,to button up,扣上鈕釦
liú-la̍k,扭搦,to handle; to manage,處理、掌握
liú-lia̍h,扭掠,nimble; agile,敏捷俐落
liū-chhēng-pn̄g,餾凊飯,to reheat leftover rice,蒸剩飯
mài-koh-liū--ah,莫閣餾矣,don't mention it again,別再提了
lo̍h-chhia,落車,to get off a vehicle,下車
lo̍h-hō͘,落雨,to rain,下雨
lo̍h-pûi,落肥,to fertilize,施肥
khùn-lo̍h-bîn,睏落眠,to fall asleep,睡得著
lok--khí-lâi,橐起來,to put in a bag,用袋子裝起來
chhiú-lok-á,手橐仔,glove,手套
lok-chhùi,漉喙,to rinse one's mouth,漱口
lóng-sī,攏是,all are,都是
lóng-chóng,攏總,altogether,總共
chhia-lòng-tio̍h-lâng,車挵著人,car hit someone,車撞到人
lòng-mn̂g,挵門,to knock on the door,敲門
lòng-tōa-kó͘,挵大鼓,to beat the drum,擊鼓
ló͘--sí,惱死,to be furious,氣死
khì-ló͘,氣惱,angry,惱怒
khì-sin-ló͘-miā,氣身惱命,to get angry easily,令人生氣
ló-la̍t,勞力,thank you (for your effort),感謝
lō͘-lê,露螺,snail,蝸牛
lu-á,攄仔,hair clippers,推剪
lu-thâu-mn̂g,攄頭毛,to cut hair with clippers,用推剪理髮
tò-thè-lu,倒退攄,to push backward,往後推移
lu-lâi-lu-khì,攄來攄去,to push back and forth,前後推移
lù-tiáⁿ,鑢鼎,to scrub a pot,刷鍋子
lù-phòa-phôe,鑢破皮,to scrape the skin,擦破皮
lū-á,捋仔,comb,梳子
lū-thâu-chang,捋頭鬃,to comb hair,梳頭髮
chi̍t-lúi-hoe,一蕊花,a flower,一朵花
hoe-lúi,花蕊,flower bud,花朵
nn̄g-lúi-ba̍k-chiu,兩蕊目睭,two eyes,兩隻眼睛
bē-lún-tit,袂忍得,cannot bear,無法忍受
thun-lún,吞忍,to endure,忍耐
m̄-hó,毋好,not good,不好
m̄-bián,毋免,need not,不用
m̄-koh,毋過,but,不過、但是
m̄-nā,毋但,not only,不但、不只
a-má,阿媽,grandmother,祖母
pak-káng-má,北港媽,Matsu of Beigang,北港媽祖
kuan-im-má,觀音媽,Guanyin,觀世音菩薩
án-ne-mā-hó,按呢嘛好,this way is also fine,也
góa-mā-chai,我嘛知,I also know,我也知道
mài-khì,莫去,don't go,不要去
mài-kóng,莫講,don't say,不要說
mê-ji̍t/li̍t,暝日,day and night,日夜
bô-mê-bô-ji̍t/li̍t,無暝無日,day and night,夜以繼日
han-chî-môe/bê,番薯糜,sweet potato congee,地瓜粥
kiâm-môe/bê,鹹糜,savory congee,鹹稀飯
nâ-âu,嚨喉,throat,喉嚨
chá-nā-chai,早若知,if I had known earlier,早知道
nā-sī,若是,if,如果是
neh/nih-kha-bóe,躡跤尾,to tiptoe,踮腳尖
chhiú-ńg,手䘼,sleeve,衣袖
tn̂g-ńg,長䘼,long sleeves,長袖
té-ńg,短䘼,short sleeves,短袖
n̂g-ki-á-hoe,黃梔仔花,gardenia flower,梔子花
hé-ngeh,火夾,fire tongs,火鉗
ngeh-chhài,夾菜,to pick up food with chopsticks,夾菜
tāu-ngeh,豆莢,bean pod,豆莢
chi̍t-ngeh,一莢,a (pod),算豆子的量詞
khi̍h-tī-tiong-ng,挾佇中央,to be stuck in the middle,夾在中間
khi̍h-tiâu--leh,挾牢咧,to hold firmly with chopsticks,夾住
kiaⁿ-ngiau,驚擽,ticklish,怕癢
sim-lāi-ngiau-ngiau,心內擽擽,to be tempted,有點心動
thau-ni,偷拈,to steal,偷拿
toh-téng-ni-kam,桌頂拈柑,to take something easy,從桌上拿橘子
niú-chhí,鳥鼠,mouse,老鼠
niû-kiàⁿ,娘囝,wife and children,娘子
nǹg-pōng-khang,軁磅空,to go through a tunnel,穿過山洞
nǹg-chǹg,軁鑽,to seek personal gain,鑽營
ke-nn̄g,雞卵,chicken egg,雞蛋
ah-nn̄g,鴨卵,duck egg,鴨蛋
nn̄g-jîn/lîn,卵仁,egg yolk,蛋黃
nōa-kóe/ké,撋粿,to knead rice dough,推揉糯米團
nōa-kiâm-chhài,撋鹹菜,to rub and salt vegetables,用力揉搓鹹菜
nōa-saⁿ,撋衫,to rub clothes while washing,搓洗衣服
lâu-chhùi-nōa,流喙瀾,to drool,流口水
siu-nōa,收瀾,to collect a baby's saliva,幫嬰兒收口水
o-ló,呵咾,to praise,讚美
ô-á-mī-sòaⁿ,蚵仔麵線,oyster vermicelli,蚵仔麵線
ô-á-chian,蚵仔煎,oyster omelet,蚵仔煎
chin-oh,真僫,very difficult,很難
oh-kóng,僫講,hard to say,很難說
o͘-pang,烏枋,blackboard,黑板
o͘-lâng,烏人,black person,黑人
o͘-àm,烏暗,dark,黑暗
ó͘-khang,挖空,to dig a hole,挖洞
ó͘-hīⁿ-khang,挖耳空,to clean one's ears,掏耳朵
a-pa (pah/pâ),阿爸,father,爸爸
hoe-pân,花瓶,vase,花瓶
tsiú-pân,酒瓶,wine bottle,酒瓶
tsuí-pân,水瓶,water bottle,水瓶
pān-sè,範勢,situation,情況
pang-á,枋仔,board,木枋
Pang-liâu,枋寮,Fangliao (place name in Pingtung),屏東地名
chóa-pang,紙枋,cardboard,紙板
thih-pang,鐵枋,iron plate,鐵板
pē-bú,爸母,parents,父母
lāu-pē,老爸,father,父親
peh-kam-á,擘柑仔,to peel an orange,剝橘子
ba̍k-chiu-peh-kim,目睭擘金,to open one's eyes wide,眼睛睜開
chi̍t-pha-tiān-hóe/hé,一葩電火,a light bulb,十盞電燈
nn̄g-pha-phû-tô,兩葩葡萄,two bunches of grapes,兩串葡萄
phah-kó͘,拍鼓,to beat a drum,打鼓
phah-só-sî,拍鎖匙,to make a key,打製鑰匙
phah-lân,拍鱗,to scale a fish,刮除魚鱗
phah-eh,拍呃,to hiccup,打嗝
phah-sǹg,拍算,to plan,打算
pháiⁿ/phái-pak-tó͘,歹腹肚,to have an upset stomach,吃壞肚子
pháiⁿ/phái-siaⁿ-sàu,歹聲嗽,to have a harsh tone of voice,口氣惡劣
pháiⁿ/phái-kóng,歹講,hard to say,難說
pháiⁿ-sè,歹勢,sorry; excuse me,不好意思
phāiⁿ-chheh-pau,揹冊包,to carry a schoolbag on one's back,背書包
phāiⁿ-mi̍h-kiāⁿ,揹物件,to carry something on one's back,背負物品
chheng-phang,清芳,fragrant,清香
bí-phang,米芳,puffed rice,爆米花
phâng-tê,捀茶,to serve tea,端茶
phâng-chhài,捀菜,to serve dishes,端菜
phāⁿ-phāⁿ,冇冇,not solid,不紮實
phāⁿ-chhâ,冇柴,soft wood,質地鬆軟的木頭
phāⁿ-chhek,冇粟,empty grain,沒有米粒的穀子
phāⁿ-siàu,冇數,bad debt,收不回來的賬款
sì-kè-phiann,四界抨,to throw things around,四處亂丟
phiann-í-á,抨椅仔,to throw a chair,扔椅子
pûn-phín-á,歕phín仔,to play the flute,吹笛子
phīⁿ-khang,鼻空,nostril,鼻孔
phīⁿ-khòaⁿ-māi,鼻看覓,to take a sniff,聞聞看
lâu-phīⁿ,流鼻,to have a runny nose,流鼻涕
kam-chià-phoh,甘蔗粕,sugarcane dregs,甘蔗渣
pin-nn̂g-phoh,檳榔粕,betel nut dregs,檳榔渣
phong-phài,豐沛,abundant,豐盛
phóng-chúi,捧水,to hold water in both hands,捧水
phóng-bí,捧米,to hold rice in both hands,捧米
phòng-se,膨紗,knitting wool,毛線
phòng-phôe/phê,膨皮,plump,白白胖胖
phòng-chhí/chhú,膨鼠,squirrel,松鼠
phōng-kó,蘋果,apple,蘋果
phoo-tē-thán,鋪地毯,to lay a carpet,鋪地毯
phoo-lō͘,鋪路,to pave a road,鋪路
chóng-phoo,總鋪,shared bunk,通鋪
tiàm-phò͘,店舖,shop,店舖
chóng-phò͘-sai,總舖師,master chef,大廚師
chi̍t-phò͘-lō͘,一舖路,a stretch of road,一舖路
phô͘--khí-lâi,扶起來,to lift up,用力往上撐起來
phô͘-téng-si,扶頂司,to flatter one's superior,巴結上司
chhàu-phú,臭殕,musty,發霉
phú-sek,殕色,gray,灰色
phú-phú,殕殕,dim; dusky,灰暗不明
phoe/phe-sìn,批信,letter,信件
hān-sî-phoe/phe,限時批,express mail,限時信
phùi-thâm,呸痰,to spit,吐痰
khí-phùi-bīn,起呸面,to turn against someone,翻臉
iōng-phun-chhī-ti/tu,用潘飼豬,to feed pigs with slop,用餿水餵豬
bí-phun,米潘,water in which rice has been washed,淘米水
pûn-pi-á,歕觱仔,to blow a whistle,吹哨子
piak-ti/tu-iû,煏豬油,to render lard,炸豬油
piak-tāu-á,煏豆仔,to pop beans,爆豆子
piak-khui,煏開,to burst open,爆裂開
piān-só͘,便所,toilet,廁所
piàⁿ-pâng-keng,摒房間,to clean a room,打掃房間
piàⁿ-pùn-sò,摒糞埽,to take out the trash,倒垃圾
phah-piàⁿ,拍拚,to work hard,打拼
piàⁿ-miā,拚命,to risk one's life,拼命
pih-chhiú-ńg,撆手䘼,to roll up one's sleeves,捲起衣袖
pih-khò͘-kha,撆褲跤,to roll up pant legs,捲起褲管
pîn-tōaⁿ,貧惰,lazy,懶惰
tò-píng,倒反,opposite,相反
píng-pêng,反爿,opposite side,反面
chiàⁿ-pêng,正爿,right side,右面
tò-pêng,倒爿,left side,左邊
pó-pì,保庇,to bless,保佑
sio-pōng,相碰,to collide,相碰撞
pōng-á,磅仔,scale,磅秤
pōng-tāng,磅重,to weigh,秤重量
pōng-bí-phang,磅米芳,to make puffed rice,爆米花
pōng-khang,磅空,tunnel,山洞
pōng-chí,磅子,weight (of a scale),砝碼
chháu-po͘,草埔,grassland,草地
hái-soa-po͘,海沙埔,sand beach,沙灘
bōng-á-po͘,墓仔埔,cemetery,墓園
hî-pó͘,魚脯,dried fish,小魚乾
chhài-pó͘,菜脯,dried radish,蘿蔔乾
pó͘-pó͘,脯脯,dried and shriveled,乾癟
tōa-pù,大富,very rich,大富
pù--sí,富死,extremely rich,財富很多
pōaⁿ-chhia,盤車,to transfer (to another vehicle),換車
pōaⁿ-soaⁿ-kòe/koè-niá,盤山過嶺,to travel over mountains,翻山越嶺
pōaⁿ-chhiûⁿ-á,盤牆仔,to climb over a wall,越過圍牆
pōaⁿ-nōa,盤撋,to socialize,交際、交往
poe-lêng-á,菠薐仔,spinach,菠菜
poe-thâu-chang,掰頭鬃,to adjust hair with fingers,撥頭髮
poe-cháu,掰走,to push aside,撥開
pē-bōng,培墓,to sweep a grave,掃墓
pùn-sò,糞埽,trash,垃圾
pûn-hong,歕風,to blow air,吹風
pûn-kó͘-chhoe/chhe,歕鼓吹,to play the suona,吹喇叭
o͘-pe̍h-sa,烏白捎,to grab randomly,亂抓
sa-bô-cháng,捎無總,to be unable to grasp the main point,抓不到要領
sa-chîⁿ,捎錢,to take money,拿錢
sa̍h-nn̄g,煠卵,boiled egg,白水煮蛋
sa̍h-bah,煠肉,boiled meat,白水煮肉
sa̍h-mī,煠麵,boiled noodles,白水煮麵
pàng-sak,放捒,to abandon,拋棄
sak-chhia,捒車,to push a cart,推車
sak-chò-tui,捒做堆,to pair up,湊成雙
sán-bah,瘦肉,lean meat,瘦肉
sán-chhân,瘦田,barren field,貧瘠的田地
sàn-chhiah,散赤,poor,貧窮
sàn-chhiah-chia̍h,散食,poor,貧窮
chhēng-saⁿ,穿衫,to wear clothes,穿衣服
saⁿ-á-khò͘,衫仔褲,clothes,衣褲
sap-sap-á-hō͘,霎霎仔雨,drizzle,濛濛細雨
hō͘-sap-á,雨霎仔,light rain,小雨
sau-siaⁿ,梢聲,hoarse voice,聲音沙啞
siaⁿ-sàu,聲嗽,harsh tone of voice,口氣惡劣
ka-sàu,咳嗽,cough,咳嗽
sè/sòe-siaⁿ,細聲,soft voice,小聲
sè/sòe-hàn,細漢,childhood,小時候
se̍h-ke/koe,踅街,to stroll around the streets,逛街
se̍h-îⁿ-kho͘-á,踅圓箍仔,to go around in a circle,繞圈子
se̍h-se̍h-liām,踅踅唸,to nag,不停地數落
seⁿ/siⁿ-á,生仔,pig iron,生鐵
seⁿ/siⁿ-oe,生鍋,iron pot,鐵鍋
seⁿ/siⁿ-sêng,生成,naturally,天生
chi̍t-sì-lâng,一世人,one's whole life,一世人
chhut-sì,出世,to be born,出生
sì-kè,四界,everywhere,到處
sī-tōa,序大,elder,長輩
siám-sih,閃爍,to twinkle,閃爍
seⁿ/siⁿ-sian,生鉎,to rust,生鏽
sin-khu-choân-sian,身軀全鉎,the body is covered with rust,全身都是汙垢
gō͘-sián-chîⁿ,五仙錢,five cents,五分錢
bô-pòaⁿ-sián,無半仙,penniless,沒有錢
siān-siān,人siān-siān,to feel listless,疲倦
ià-siān,厭siān,tired of,厭倦
siān-thâng-á,蟮蟲仔,lizard,壁虎
siáⁿ-hòe/hè,啥貨,what,什麼
siáⁿ-khoán,啥款,what kind of,怎麼樣
siáⁿ-lâng,啥人,who,什麼人
siáⁿ-mih-tāi-chì,啥物代誌,what matter,什麼事
kā-lâng-siâⁿ,共人唌,to entice someone,引誘人
siâⁿ-hô͘-sîn,唌胡蠅,to attract flies,引來蒼蠅
khí-siáu,起痟,to go crazy,發瘋
siáu-kó͘-phiò,痟股票,to be obsessed with the stock market,沉迷股票
sǹg-siàu,算數,to balance an account,算帳
siàu-phō͘,數簿,account book,帳簿
siàu-liām,數念,to miss,想念
siàu-liân,少年,young,少年
siàu-siūⁿ,數想,to fantasize,妄想
sih-nah,爍爁,lightning,閃電
se̍k-sāi,熟似,to be familiar with,熟識
sim-sng,心酸,heartbroken; sad; suffering,傷心、辛酸
sin-khu,身軀,body,身體
sin-pū,新婦,daughter-in-law,媳婦
sîn-kiû,承球,to catch a ball,接球
sîn-chúi,承水,to catch water,接水
sîn-ōe-bóe/bé,承話尾,to continue a conversation,接續話題
sio-chià-mn̄g,相借問,to greet; to inquire after,打招呼、深望
sió-khóa-á,小可仔,slightly,稍微
chhiú-sio̍h,手液,sweaty hands,手心冒汗
chhàu-kha-sio̍h,臭跤液,foot odor,腳臭
siōng-hó,上好,the best,最好
siōng-chē,上濟,the most,最多
sì-siù-á,四秀仔,snacks,零食
sit-chì,失志,to lose heart,喪志
chiáu-á-siū,鳥仔岫,bird's nest,鳥巢
chha̍t-siū,賊岫,thieves' den,賊窩
siū-khì,受氣,to be annoyed,生氣
siuⁿ-kiâm,傷鹹,too salty,太鹹
siuⁿ-tōa,傷大,too big,太大
ài-sńg,愛耍,playful,愛玩
hó-sńg,好耍,fun,好玩
so-chhàu,挲草,to weed,田間除草
so-îⁿ-á,挲圓仔,to make glutinous rice balls,搓湯圓
só-sî,鎖匙,key,鑰匙
thâng-leh-sô,蟲咧趖,the worm is crawling,蟲在爬行
sì-kè-sô,四界趖,to crawl around,到處走動
tiáⁿ-piⁿ-sô,鼎邊趖,pot-side (crawling) noodles,一種小吃
thiàu-soh-á,跳索仔,to jump rope,跳繩
khiú/giú-tōa-soh,搝大索,tug-of-war,拔河
só͘-hùi,所費,expenses,費用
hah-su,合軀,well-fitting,合身
chi̍t-su-saⁿ,一軀衫,a set of clothes,一套衣服
su-bō͘,思慕,to admire,想念愛慕
pōaⁿ-sóa,搬徙,to move,遷移
sóa-ūi,徙位,to move to a different position,移動位置
sòa-lo̍h-khì,紲落去,to continue,接下去
sòa-lo̍h-khì,紲落去,to continue,接下去
sio-sòa,相紲,continuously,連續
chiap-sòa,接紲,to continue a conversation,接續話題
sūn-sòa,順紲,in passing,順便
soah-hì,煞戲,the play is over,戲劇結束
soah-bóe/bé,煞尾,to end,結尾
soah-lo̍h-hō͘,煞落雨,to start raining,竟然下雨
sôaⁿ-jiō/liō,漩尿,to urinate,撒尿
sôaⁿ-tháng,漩桶,sprinkling can,灑水的桶子
sôaⁿ-chio̍h,璇石,diamond,鑽石
sòaⁿ-khui,散開,to disperse,散開
hun-sòaⁿ,分散,to disperse,分散
suh-kóng,欶管,straw,吸管
suh-leng,欶奶,to suck milk,吸奶
suh-chúi,欶水,to absorb water,吸水
súi-khùi,媠氣,handsome,帥氣
ài-súi,愛媠,to love beauty,愛漂亮
sûi-lâi,隨來,to come immediately,馬上來
sio-sûi,相隨,to follow,跟隨
sûi-chāi,隨在,whatever,任憑
sûn-siā-khu,巡社區,to patrol the community,巡視社區
ōe-chi̍t-sûn,畫一巡,to draw a line,畫一條線
ba̍k-chiu-têng-sûn,目睭重巡,double eyelid,雙眼皮
chhùi-ta,喙焦,thirsty,口渴
chhàu-hóe-ta,臭火焦,burnt,燒焦
ta-ke,大家,husband's mother,婆婆
ta-koaⁿ,大官,husband's father,公公
tà-bū,罩霧,foggy,雲霧籠罩
báng-tà,蠓罩,mosquito net,蚊帳
ke-tà,雞罩,chicken coop,蓋住雞的簍子
gōng-tōa-tai,戇大呆,fool,呆瓜
chhàu-leng-tai,臭奶呆,lisp,口齒不清晰
tāi-chì,代誌,matter,事情
ta̍k-ê-lâng,逐个人,everyone,每個人
ta̍k-pái,逐擺,every time,每次
tâm-kô͘-kô͘,澹糊糊,wet,溼答答
tâm-lok-lok,澹漉漉,wet,溼答答
saⁿ-tâm--khì,衫澹去,clothes got wet,衣服溼了
tām-po̍h-á,淡薄仔,a little,一點點、些許
tāⁿ-chio̍h-thâu,擲石頭,to throw stones,丟石頭
tàn-tiāu,擲掉,to throw away,扔掉
tân-lûi-kong,霆雷公,to thunder,打雷
tân-chúi-lûi,霆水雷,thunderstorm,雷雨
kòe-chi̍t-tang,過一冬,to pass a year,過一年
hó-nî-tang,好年冬,good harvest year,豐年
chá-tang,早冬,first season of crops,第一期稻作
tang-sî-khui-hōe,當時開會,when to have a meeting,何時開會
tī-tang-sî,佇當時,when,在何時
tàng-sng,凍霜,stingy,吝嗇
kàu-taⁿ,到今,until now,到現在
gún-tau,阮兜,my home,我家
kha-tau,跤兜,nearby,附近
tàu-chò-hóe,鬥做伙,to put together,湊在一起
tàu-tīn,鬥陣,together,一起
tàu-kha-chhiú,鬥跤手,to help,幫忙
tàu-saⁿ-kāng,鬥相共,to help,幫忙
tauh-tauh-á-kóng,沓沓仔講,to speak slowly,慢慢說
té-chúi,貯水,to store water,裝水
té-pn̄g,貯飯,to serve rice,盛飯
teh-nî,硩年,New Year's money,壓歲
teh-tāng,硩重,to bear weight,負重
chóa-teh,紙硩,paperweight,紙鎮
teh-tê-pôaⁿ,硩茶盤,to give a red envelope after drinking tea,喝茶後給紅包
teh-sàu,硩嗽,to suppress cough,止咳
thái-ko,癩,leprosy,長癩瘡、骯髒
thái-ko-kúi,癩鬼,dirty ghost,髒鬼
thâi-ti,刣豬,to slaughter a pig,殺豬
thâi-thâu,刣頭,to behead,砍頭
thâi-tiāu,刣掉,to kill,殺掉
thàn-chîⁿ,趁錢,to make money,賺錢
thàn-chá,趁早,to do something early,趁早
thang-kng,通光,transparent,透光
m̄-thang,毋通,must not,不可以
thàng-kòe,迵過,to pass through,穿過
kui-nî-thàng-thiⁿ,規年迵天,all year round,一年到頭
thiàn-thàng,疼痛,pain,疼痛、憐惜
that-á,窒仔,stopper,塞子
that-chhia,窒車,traffic jam,塞車
tháu-soh-á,敨索仔,to untie a rope,解開繩子
tháu-pàng,敨放,to take a break,透透氣
tháu-khui,敨開,to untie,解開
tháu-khùi,敨氣,to breathe,透氣
thàu-chá,透早,early morning,一大早
thâu-khak,頭殼,head,腦袋
thâu-seng,頭先,first,首先
thâu-lō͘,頭路,job,工作、職業
tò-thè,倒退,to go backwards,退後
thè-hóe,退火,to reduce internal heat,退火
thè-ngó͘,退伍,to retire from military service,退伍
thè-ōaⁿ,替換,to replace,替換
thê-chîⁿ,提錢,to withdraw money,拿錢
thê-mi̍h-kiāⁿ,提物件,to carry things,拿東西
ba̍k-chiu-thí-khui,目睭褫開,to open one's eyes,張開眼睛
oa̍h-beh-thiám--sí,活欲忝死,tired to death,快累死了
chhùi-khí-thiàⁿ,喙齒疼,toothache,牙痛
thiàⁿ-sioh,疼惜,to love dearly,疼愛
thiàⁿ-kiáⁿ,疼囝,to love children,疼小孩
thiau-kang,刁工,on purpose,故意
thîn-tê,斟茶,to pour tea,倒茶
thîn-chiú,斟酒,to pour wine,倒酒
sio-thīn,相伨,to support each other,互相支持
thīn-thâu,伨頭,to make even,使平均
thīn-chhin,伨親,to arrange a marriage,婚配
thǹg-khak,褪殼,to shed the shell,換殼
thǹg-saⁿ,褪衫,to take off clothes,脫衣服
thó-chè,討債,wasteful,浪費
thóng-thâu,捅頭,to take the lead,出頭
sòaⁿ-cha̍p-thóng-hòe,三十捅歲,thirty-something years old,三十出頭歲
ke-á-thóng-bí,雞仔捅米,chicken pecking at rice,雞啄食米粒
thó͘-tē,土地,land,土地
thó͘-ti̍t,土直,straightforward,個性耿直
thó͘-sán,土產,local product,本地的產品
thô͘-soa,塗沙,soil,泥土
thô͘-kha,塗跤,ground,地上
m̄-thang-thoa,毋通拖,don't drag,不要拖
thoa-bôa,拖磨,to toil,勞碌
thoa̍h-mn̂g,挩門,sliding door,拉門
thoa̍h-thang,挩窗,sliding window,左右移的窗子
thoa̍h-pang,挩枋,washboard,洗衣板
thoa̍h-á,屜仔,drawer,抽屜
téng-thoa̍h,頂屜,upper drawer,上面的抽屜
thuh-koân,托懸,to hold up high,撐高
thuh-ē-hâi,托下頦,to support one's chin,撐著下巴
thuh-tiáⁿ-phí,黜鼎疕,to scrape off the burnt part of food from a pot,鏟下鍋巴
thuh-soa,黜沙,to shovel sand,用鏟子鏟沙子
thuh-chhàu,黜臭,to expose a flaw in an argument,揭穿語病
thūn-chéⁿ,坉井,to fill up a well,把井填平
thūn-thô͘,坉塗,to fill with soil,用土填入
thūn-pún,坉本,to invest capital,投入本錢。
tì-sek,智識,knowledge,知識
ōaⁿ-tī,碗箸,bowls and chopsticks,碗筷
chi̍t-siang-tī,一雙箸,a pair of chopsticks,一雙筷子
tī-chia,佇遮,here,在這裡
ū-tī--leh,有佇咧,to be present,在家
tiàm-chia,踮遮,here,在這裡
tiàm-tó-ūi,踮佗位,where,住那裡
tian-tò-píng,顛倒反,upside down,倒反
tian-tò-hó,顛倒好,on the contrary,反而好
tōa-tiáⁿ,大鼎,big wok,大鍋子
tiáⁿ-oe-á,鼎鍋仔,small pot,小鍋子
thâu-chêng-tiâⁿ,頭前埕,front yard,前院
ūn-tōng-tiâⁿ,運動埕,sports ground,運動場
tiāⁿ-tiāⁿ-khì,定定去,to go often,常常去
khiā-tiāⁿ-tiāⁿ,徛定定,to stand still,站定不動
tiāⁿ-tio̍h,定著,certainly,確定、安穩
gû-tiâu,牛牢,cow shed,牛圈
lia̍h-hō͘-tiâu,掠予牢,to catch firmly,抓牢
liâm-tiâu,黏牢,to stick firmly,黏牢
khó-tiâu-tāi-ha̍k,考牢大學,to pass the university entrance exam,考上大學
tīⁿ-chio̍h-thâu,抌石頭,to throw stones,丟石頭
tìn-ūi,鎮位,to take up space,佔地方
chi̍t-tīn-lâng,一陣人,a group of people,一群人
e-e-tīn-tīn,挨挨陣陣,crowded,人多推擠
tīn-thâu,陣頭,folk art parade,迎神的隊伍
têng-á-kha,亭仔跤,arcade,騎樓走廊
chhù-téng,厝頂,roof,屋頂
chi̍t-téng-bō-á,一頂帽仔,a hat,一頂帽子
téng-pái,頂擺,last time,上次
tēng-chhâ,柴,hard wood,質地較硬的木柴
tēng-bí,米,a kind of rice,稻米的種類之一
tēng-tauh,篤,solid,厚實
siuⁿ-tīⁿ,傷滇,too full,太滿
thîn-hō͘-tīⁿ,斟予滇,to fill up,倒滿
tiô-kha-tǹg-tê,趒跤頓蹄,to stamp one's feet,跳腳
kiaⁿ-chi̍t-tiô,驚一趒,to get a fright,嚇一跳
m̄-tio̍h,毋著,wrong,不對
tio̍h-chióng,著獎,to win a prize,中獎
khòaⁿ-tio̍h,看著,to see,看到
tiong-tàu,中晝,noon,中午
bē-kì-tit,袂記得,to forget,不記得
bē-pí-tit,袂比得,cannot compare,不能相比
tiuⁿ-tî,張持,to be careful,小心、注意
tńg-lâm-hong,轉南風,the south wind is blowing,轉吹南風
tńg--khì,轉去,to go back,回家
lián-á-leh-tńg,輪仔咧轉,the wheel is turning,輪子轉動
sió-tńg--chi̍t-ē,小轉一下,to make a small turn,周轉一下
kò͘-saⁿ-tǹg,顧三頓,to take care of three meals,張羅三餐
tǹg-ìn-á,頓印仔,to stamp a seal,蓋印章
tǹg-í-tǹg-toh,頓椅頓桌,to thump the chair and table in anger,憤怒捶桌子
tǹg-ku,頓龜,to fall on one's buttocks,跌坐在地
tn̄g-tio̍h-tông-o̍h,搪著同學,to meet classmates,遇到同學
tú-tn̄g,拄搪,by chance,碰巧
chi̍t-jī-to-m̄-bat,一字都毋捌,to be illiterate,不識一字
tó-ūi,佗位,where,哪裡
tò-tiāu,倒掉,to throw away,倒掉
tò-chhiú,倒手,left hand,左手
tò-thâu-chai,倒頭栽,to fall headlong,倒栽葱
tò-siàng-hiàⁿ,倒摔向,to fall backwards,向後摔倒
án-ne-tō-tio̍h,按呢就著,that's right,這樣就對了
to̍h-hóe,著火,on fire,著火
tiám-hō-to̍h,點予著,to light up,點著
tok-bah,剁肉,to chop meat,把肉切碎
tok-tn̄g,剁斷,to chop off,砍斷
tok-ku,啄龜,to doze off,打瞌睡
tòng-chò/chòe-pó-pòe,當做寶貝,to treat as a treasure,當成寶貝
tōng-kiû,撞球,billiards,撞球
tō͘-kún,杜蚓,earthworm,蚯蚓
cha-bó͘,查某,female,女子
cha-hng,昨昏,yesterday,昨天
cha-po͘,查埔,male,男子
chah-chîⁿ,紮錢,to bring money,帶錢
chah-piān-tong,紮便當,to bring a lunchbox,帶便當
cha̍h-chúi,閘水,to block water,阻擋水流
chúi-cha̍h-á,水閘仔,water gate,閘門
chai-iáⁿ,知影,to know,知道
chai-khó͘,知苦,to know the hardship,知苦
châi-tiāu,才調,ability,本事、能力
chām-hō͘-i-tn̄g,蹔予伊斷,to stomp on something and break it,用力踹斷
chām-kha-pō͘,蹔跤步,to stomp one's feet,跺步
hit-chām,彼站,that time,那段時間
chit-chām-á,這站仔,recently,近來
chām-chat,站節,propriety,分寸
tōa-châng-chhiū-á,大欉樹仔,big tree,大樹
chi̍t-châng-mûi-kùi,一欉玫瑰,a rose bush,一株玫瑰
chā-pe̍h-chhài,乍白菜,to blanch the cabbage,汆燙白菜
chāⁿ-iû,乍油,to deep fry briefly,過油
chap-liām,雜唸,to nag,嘮叨
koan-chat,關節,joint,關節
sió-chat--chi̍t-ē,小節一下,to restrain oneself a little,節制一點
cha̍t-chiⁿ,實櫼,solid,密實
cha̍t-thóng-thóng,實捅捅,packed tightly,塞滿滿
cha̍t-phīⁿ,實鼻,nasal congestion,鼻塞
sì-kè/kòe-cháu,四界走,to run around,到處跑
cháu-lō͘,走路,to flee,逃亡
cháu-pio,走標,to race,賽跑
cháu-bī,走味,to lose flavor,失去原味
chàu-kha,灶跤,kitchen,廚房
chàu-thâu,灶頭,stove top,大灶上面
che-sī-siáⁿ,這是啥,what is this,這是什麼
chē-ōe,濟話,talkative,多話
chē-chió,濟少,how much,多少
chak-ba̍k,鑿目,an eyesore,刺眼、礙眼
chham-chi̍t-kóa-thn̂g,摻一寡糖,to add some sugar,加一些糖
chham-iâm,摻鹽,to add salt,加鹽巴
chham-ka,參加,to participate,參加
chhàu-me-á,草蜢仔,grasshopper,蚱蜢
chheh-pau,冊包,schoolbag,書包
chheh-tiàm,冊店,bookstore,書店
chheⁿ/chhiⁿ-sek,青色,green,綠色
chheⁿ/chhiⁿ-chhàu,青草,green grass,青草
chheⁿ/chhiⁿ-hūn,生份,unfamiliar,陌生
chheⁿ/chhiⁿ-mê,青盲,blind,失明
chhì-mô͘-thâng,刺毛蟲,caterpillar,毛毛蟲
kè-thêng-chhia,計程車,taxi,計程車
chhia-thâu,車頭,station,車站
chhiah-phòng-se,刺膨紗,to knit with yarn,勾毛線
chhiah-phôe/phê-ê,刺皮鞋,to make leather shoes,做皮鞋
chhiah-jī,刺字,to tattoo,刺字
chhiám-á,攕仔,fork,叉子
lí-á-chhiám,李仔攕,candied plum skewer,李子串
chhiàng-siaⁿ,唱聲,to provoke loudly,高聲挑釁
chhiàn-kang-lâng,倩工人,to hire workers,僱用工人
chhiàn-chhia,倩車,to hire a car,僱車子
chhiâu-mi̍h-kiāⁿ,搜物件,to search for something,翻找搜尋東西
chhiau-phôe/phê-siuⁿ,搜皮箱,to rummage through a suitcase,翻找皮箱內的東西
chhiau-âng-mn̂g-thô͘,搜紅毛塗,to mix cement,翻攪水泥
chhiâu-sî-cheng,撨時鐘,to adjust the clock,調整時鐘
chhiâu-kè-siàu,撨價數,to negotiate the price,協商物價
chhiâu-kut,撨骨,to set bones,推拿整骨
chhiâu-sóa-ūi,撨徙位,to move to a different position,挪移位置
chi̍h-tiān-lêng,揤電鈴,to press the doorbell,按電鈴
chi̍h-hō͘-i-tiâu,揤予伊牢,to press it firmly,把它按緊
chhik-á,粟仔,grain,穀子
chhek-chiáu-á,粟鳥仔,sparrow,麻雀
chhin-chhiūⁿ,親像,to resemble,好像
chhin-chiâⁿ-gō͘-cha̍p,親情五十,relatives far and near,遠近親戚
chhin-chiâⁿ-pêng-iú,親情朋友,relatives and friends,親戚朋友
chhìn-chhái,凊彩,casual,隨便
chheng-khì-siùⁿ,清氣相,clean-looking,乾淨的樣子
ài-chheng-khì,愛清氣,to love cleanliness,喜愛整潔
chheng-phang,清芳,fragrant,清香
chhīⁿ-phīⁿ,擤鼻,to blow one's nose,擤鼻涕
chhēng-saⁿ,穿衫,to wear clothes,穿衣服
chia̍h-chhēng,食穿,food and clothing,吃穿
chhiⁿ-hî/hû-á,鮮魚仔,fresh fish,鮮魚
bah-ū-chhiⁿ,肉有鮮,the meat is fresh,肉很新鮮
chhiò-hai-hai,笑咍咍,to smile broadly,笑哈哈
chhit-chhùi,拭喙,to wipe one's mouth,擦嘴
chhit-á,拭仔,eraser,橡皮擦
chhit-thô,迌,to play,遊玩
chhiú-tiān,手電,flashlight,手電筒
chhńg-hî/hû-thâu,吮魚頭,to suck on fish head,啃食魚頭的肉
chiáu-á-chhńg-mn̂g,鳥仔吮毛,birds preening their feathers,鳥整理羽毛
chhòng-gia̍p,創業,to start a business,創業
chhòng-siáⁿ,創啥,what to do,做什麼
chhòng-tī,創治,to make fun of,捉弄、欺負
chhu-chhu,趨趨,slanted,斜斜的
chhu-seh,趨雪,to ski,滑雪
khí-chhù,起厝,to build a house,蓋房子
chhù-piⁿ,厝邊,neighbor,鄰居
chhū-chi̍t-tó,跙一倒,to slip and fall,滑一跤
chhū-peng,跙冰,to ice skate,溜冰
chhōa-thâu,𤆬頭,to lead,帶頭
chhōa-gín-á,囡仔,to take care of children,帶小孩
chhōa-bó͘,娶某,to marry a woman,娶妻
kè-chhōa,嫁娶,to marry,嫁娶
chhǹg-sái,疶屎,to defecate,拉屎
chhòa-han-chî-chhiam,礤番薯簽,to grate sweet potatoes into strips,刨製番薯成簽狀
chhòa-peng,礤冰,to shave ice,刨冰
chhài-chhòa,菜礤,grater,刨絲的器具
chhòa-mn̂g,掣毛,to pluck feathers quickly,快速拔毛
chhòa-tn̄g,掣斷,to snap by pulling,用力扯斷
chhâⁿ-hó-sè,攢好勢,to prepare well,準備好了
chhâⁿ-piān-piān,攢便便,to get ready,準備好
tek-chhòaⁿ,竹扦,bamboo splinter,竹刺
chhòaⁿ-tio̍h,扦著,to be pricked,被刺到
chhoe-kóe/ké,炊粿,to steam rice cakes,蒸製糕點
chhoe-chàng,炊粽,to steam bah-chang,蒸粽子
chhoe-pn̄g,炊飯,to steam rice,蒸飯
chhê/chhê-á,箠仔,whip,竹鞭
kiû-chhê/chhê,球箠,cue stick,球桿
chhōe-mi̍h-kiāⁿ,揣物件,to look for something,找東西
sio-chhōe,相揣,to visit each other,互相往來
hó-chhùi,好喙,to speak kindly,說好話
chhùi-chi̍h,喙舌,tongue,舌頭
chhùi-phóe/phé,喙䫌,cheek,臉頰
chhùi-tûn,喙脣,lips,嘴脣
chhun-jōa-chē,賰偌濟,how much is left,剩多少
chhun-jōa-kú,賰偌久,how long is left,剩多久
ū-chhun,有賰,to have surplus,有剩餘
môa-chî,麻糍,mochi,麻糬
tī-chia,佇遮,here,在這裡
chia--ê,遮的,these,這些
chia-ê,遮的,here,這裡的
tú-chiah,拄才,just now,剛才
chiah-kín,遮緊,so fast,這麼快
chiah-nī-súi,遮爾媠,so beautiful,這麼漂亮
chiah-nī-tōa,遮爾大,so big,這麼大
chia̍h-chhēng,食穿,food and clothing,吃穿
chia̍h-tê,食茶,to drink tea,喝茶
chiam-chí,針黹,needlework,女紅
chian-hî/hû-á,煎魚仔,to fry fish,煎魚
chian-nn̄g,煎卵,to fry eggs,煎蛋
ô-á-chian,蚵仔煎,oyster omelet,蚵仔煎
kiâm-chiáⁿ,鹹汫,salty and bland,鹹淡
chiáⁿ-chúi,汫水,fresh water,淡水
nńg-chiáⁿ,軟汫,weak,軟弱
chiâⁿ-kùi,誠貴,very expensive,很貴
chiâⁿ-hó,誠好,very good,很好
chiâⁿ-lâng,成人,to grow up,有成就
chiâⁿ-pah-ê,成百个,about one hundred,約一百個
chiàu-khí-kang,照起工,to do according to the rules,按部就班
chek-bo̍k,寂寞,lonely,寂寞
sio-chim,相唚,to kiss each other,接吻
chim-chhùi-phóe/phé,唚喙䫌,to kiss on the cheek,吻臉頰
chim-chiok,斟酌,careful,仔細、留意
sio-chèng,相舂,to collide,相撞
chèng-tio̍h-piah,舂著壁,to hit the wall,撞到牆壁
chèng-bí,舂米,to pound rice,搗米
chêng-sè-hàn,從細漢,since childhood,從小到現在
chêng-kàu-taⁿ,從到今,from then till now,從那時到現在
chiⁿ--ji̍p-khì,櫼入去,to wedge in,硬塞進去
chiⁿ-á,櫼仔,wedge,楔子
chīⁿ-kiuⁿ,茈薑,young ginger,嫩薑
iù-chīⁿ,幼茈,tender,幼嫩
chīⁿ-tiⁿ-kóe/ké,糋甜粿,to deep-fry sweet rice cake,炸年糕
tāu-koaⁿ-chīⁿ,豆乾糋,deep-fried tofu,油豆腐
chīⁿ-chíⁿ-thâu-á,舐指頭仔,to lick one's fingers,舔手指頭
chīⁿ-ki-á-peng,舐枝仔冰,to lick a popsicle,舔冰棒
chīⁿ-pôaⁿ-á,舐盤仔,to lick the plate,舔盤子
chió-sò͘,少數,minority,少數
chì-chió,至少,at least,至少
chit-chūn,這陣,now,現在
chit-má,這馬,now,現在
chi̍t-kóa-mi̍h-kiāⁿ,一寡物件,some things,一些東西
chiú-khang-pâng,守空房,to live alone in an empty house,守著空房
chiú-kóa/chiúⁿ-kóaⁿ,守寡,to remain a widow,守寡
chiù-chōa,咒誓,to take an oath,發誓
sêng-chiū,成就,achievement,成就
chiū-gia̍p,就業,employment,就業
chiuⁿ-chî,螿蜍,toad,蟾蜍
chò-hóe-sńg,做伙耍,to play together,一起玩
chò-hóe-lâi-khì,做伙來去,to go together,一起去
choh-sit-lâng,作穡人,farmer,種田的人
jīn-chin-choh-sit,認真作穡,to work diligently,認真工作
cho̍h--jit,昨日,the day before yesterday,前天
í-tsū-á,椅苴仔,chair cushion,椅墊
tsū-pang,苴枋,backing board,墊板
jiō/liō-tsū-á,尿苴仔,diaper,尿布
tsū-pò-chóa,苴報紙,to pad with newspaper,墊報紙
kiâⁿ-chi̍t-tsū,行一逝,to take a trip,走一趟
chi̍t-tsū-lō͘,一逝路,a journey,一趟路
siá-chi̍t-tsū,寫一逝,to write a line,寫一行
choaⁿ-tê,煎茶,to boil tea,煮茶
choaⁿ-io̍h-á,煎藥仔,to decoct medicinal herbs,熬煮中藥
chhiān-ti/tu-iû,炸豬油,to render lard,炸豬油
o͘-pe̍h-chhiān,烏白炸,to talk nonsense,吹牛
chúi-ke/koe,水雞,frog,青蛙
chi̍t-chūn-hong,一陣風,a gust of wind,一陣風
sî-chūn,時陣,time,時候
tú-tio̍h-kùi-jîn/lîn,拄著貴人,to meet someone helpful,遇到貴人
sio-tú,相拄,to meet,相遇
tú-tù,硩注,to place a bet,下賭注
piàⁿ-ko͘-tù,拚孤注,to stake everything on a single throw,孤注一擲
chi̍t-tù-chîⁿ,一注錢,a sum of money for betting,一次下注的錢
tū-chúi,駐水,to soak in water,浸在水中
tū--sí,駐死,to drown,淹死
tòa-pn̄g-tiàm,蹛飯店,to stay at a hotel,住飯店
tòa-tī-chia,蹛佇遮,to live here,住在這
tō͘-kuai-á,肚胿仔,tadpole,蝌蚪
tòe/tè-lâng-kóng,綴人講,to echo others' words,人云亦云
tòe/tè-lâng-sî-kiâⁿ,綴人時行,to follow the trend,追隨流行
tòe/tè-bē-tio̍h-tīn,綴袂著陣,to fall behind the trend,落伍
tuh-ku,盹龜,to doze off,打瞌睡
tu̍h-phòa,揬破,to poke a hole,戳破
tu̍h-chi̍t-khang,揬一空,to poke a hole,戳一個洞
óa-tàu,倚晝,near noon,接近中午
sio-óa,相倚,to be close to each other,靠近
óa-khò,倚靠,to rely on,互相依靠
oan-ke,冤家,quarrel,爭吵、仇人
oàn-thàn,怨嘆,to lament,怨恨悲嘆
òaⁿ-khùn,晏睏,to sleep late,晚睡
òaⁿ--khí-lâi,晏起來,to get up late,晚起
oat-chiàⁿ-pêng,斡正爿,to turn right,向右轉
oan-oan-oat-oat,彎彎斡斡,winding,彎彎曲曲
oa̍t-thâu,越頭,to turn one's head,回頭
oa̍t-tńg-sin,越轉身,to turn around,轉身
chiam-leh-ui,針咧揻,to feel a pricking pain,像針刺到
ùn-tāu-iû,搵豆油,to dip in soy sauce,沾醬油
ùn-liāu,搵料,to dip in sauce,沾醬
ut-chut,鬱卒,depressed,抑鬱苦悶