編號,語法點,例句
001-01,| 是 | sī | 即「是」。否定用「毋是」。 |,"['這是真危險的代誌。', '按呢一个人的價值是啥物？', '我攏是班裡的第一名。', '這應該是老師的責任。', '今年是二空一九年']"
002-01,| 是……--的 | sī...+--ê | 強調「是……的」中間的成分。 |,"['口味是一粒一的。', '相信這並毋是逐家所希望欲愛的。', '溫室效應是對心室效應來的。', '心肝頭實在是足凝的。', '我看著這心肝底是足歡喜的。']"
003-01,| ……的…… | ...ê... | 表示所有格、修飾語，「的」後面的成分可以省略。 |,"['一間足大間的五金行', '別人免數想，台灣是咱的。', '伊的英語名是啥物？', '彼幾日，阿爸的心嘛真沉重，', '我的車斡來踅去，', '一台阮爸爸咧用，一台阮哥哥的，']"
004-01,| ……--的 | ...--ê | 置於名詞、形容詞、動詞之後，省略其後的名詞，指稱具備該特徵的名詞。 |,"['阿貝恁爸是咧做啥物的？阮爸是做木的啦', '較衰的煞去著著天然痘。', '閹豬的當做掠龍的。', '猶閣有一點，你上好乎去學煮食的。', '先的，啊這欲按怎治療？', '阿爸畫的到底是啥物？']"
005-01,| 用+[動詞]+--的 | iōng+[tōng-sû]+--ê | 藉著……方式。 |,"['用哭的毋是辦法，', '仝款切予一塊一塊抨落鼎底用煠的，', '無相通看，用問的，', '差不多用爬的照原路控轉來公路頂，', '閣免本，用想的就會有。']"
006-01,| 阮1 | goán/gún(1) | 第一人稱複數代名詞，不包含聽話者。 |,"['阮一陣人綴老......', '老師有問阮上佮意啥物動物喔！', '阮一陣人綴老師的跤步，聽精彩的導覽，', '伊閣予阮一人一本印尼冊，叫阮有閒著愛加減仔背語詞。', '阮一陣愛好台語的有志，閣是開喙合喙攏台語，']"
006-02,| 阮2 | goán/gún(2) | 第一人稱單、複數所有格，不包含聽話者，且限於關係、團體。 |,"['租金阮公司補助一萬五千提高到兩萬。', '叫出來的鳥仔聲袂輸阮學校合唱團，有夠好聽；', '阮阿母是前鎮加工區的第一批的女工。', '阮兜佇紐約。', '阮厝有三隻狗仔，兩烏一白，兩母一公，', '會記得阮老師捌講過一个真實的故事，']"
006-03,| 阮3 | goán/gún(3) | 第一人稱單數代名詞。 |,"['既然咱是「忘年之交」，阮會尊重你的厚性地。', '雄雄一陣西北雨，將阮沃甲澹糊糊', '阿母牽阮的手，', '阮是聽甲面仔紅紅，頭犁犁，實在感覺真歹勢。']"
006-04,| 咱1 | lán(1) | 第一人稱複數代名詞，包含聽話者。 |,"['咱的古蹟就是咱的歷史', '你出題，咱閣來拚一擺。', '台灣是美麗的寶島，是咱上愛的、永遠的家鄉！', '咱來激頭殼想看覓', '咱來去對面彼間店仔買。', '咱轉來去，好無？']"
006-05,| 咱2 | lán(2) | 第一人稱複數所有格，包含聽話者，且限於關係、團體。 |,"['是按怎是毋？彼敢咱兜的鐵門聲？', '咱身軀邊有無人顧的老大人', '你敢知影咱學校有種啥物植物？', '𪜶欲來看咱學校。']"
006-06,| 咱3 | lán(3) | 第二人稱單、複數代名詞，常用於詢問。 |,"['明德仔問：「咱遮敢是欲倩顧問？」', '請問咱貴姓？', '請問咱攏總有偌濟人？']"
007-01,| 佮1 | kah(1) | 連接詞，連結前後兩個主題或主語，即「和、與」。 |,"['嘛仝款有人的情感、溫度佮歷史。', '閣予𪜶會當唱歌佮跳舞；', '環保佮經濟，敢真正就無法度做伙做？', '人佮動物嘛是仝款，互相尊重，和平鬥陣，', '日語佮英語是看電視學的，']"
007-02,| 佮2 | kah(2) | 介詞，後面接賓語和行為，表示和、與、跟。 |,"['啥物果子的色水佮伊仝款？', '阮古早的中秋，佮月娘無啥物關係，', '無通佮世界連接拚經濟，', '各个節日攏佮神明有關係。', '有人透過人面冊想欲佮你做朋友，']"
007-03,| 佮3 | kah(3) | 動詞，表示搭配、附帶。 |,"['大了才通hông刣肉，做菜佮。', '上尾，阮閣點一項青菜——蕹菜來佮，', '頭家！佮兩枝蔥仔好無？']"
008-01,| ……矣。 | ...ah. | 表示動作或狀態已發生或完成。 |,"['你踏著我的跤矣！', '今年的中秋節也過去矣，', '車駛甲無油矣欲按怎？', '小學三年進前應該會曉五種話矣。', '做穡收成的，生食都無夠矣，']"
009-01,| 會使 | ē-sái | 表允許、可以。與表示能夠的「會當」有部分因語意重疊而通用。 |,"['敢有人會使鬥相共？', '佗一个部位會使鼻著芳味？', '敢有佗一支較推薦的？中階的就會使。', '敢有佗一支較......', '一工只要買一張車票，就會使公車坐免驚，', '注預防射確實會使真有效率來控制傳染病，']"
009-02,| 袂使 | bē-sái | 表不允許、不可以。與表示不能夠的「袂當」有部分因語意重疊而通用。 |,"['佇台東允工課敢袂使？', '語言是平等的......', '是按怎我袂使食果子？', '行到這个地步矣，袂使嘛愛行！', '語言是平等的，袂使有歧視。', '火一定袂使予斷去，']"
009-03,| 會當 | ē-tàng | 表示能夠……。與表示允許的「會使」有部分因語意重疊而通用。 |,"['騎欲五萬五千公里矣，會當踅地球一輾啊！', '按呢安排是毋是上妥當，應該會當閣討論。', '靠伊皮厚，拄......', '敢會當共你借鉸刀？', '靠伊皮厚，拄著仔予咬一喙猶會當忍受，', '希望字幕會當全台語，下爿用華語輔助翻譯']"
009-04,| 袂當 | bē-tàng | 表示不能夠……。與表示不允許的「袂使」有部分因語意重疊而通用。 |,"['總是傳統毋是袂當改，', '作穡人真辛苦咧種田，所以咱袂當討債食物。', '袂當拄著困難就放棄，', '啊我共關機了後，煞攏袂當閣開矣。', '伊的青春袂當予人耽誤；']"
010-01,| [動詞]+有/無 | [tōng-sû]+ū/bô | 用於感官動詞，表示能/不能理解或分辨。 |,"['若講看有，是看有日本時代蔡秋桐的台語小說？', '土地的聲嗽是愛的密碼，因為按呢𪜶才聽有，', '真正予人捎無，𪜶到底是好額人抑是散赤人？', '大人的世界的代誌有的聽有，有的就聽無。', '有冊看無，你講怨嘆袂怨嘆！']"
010-02,| [動詞]+有/無+[賓語] | [tōng-sû]+ū/bô+([pin-gí]) | 表示能/不能達成該動詞的目標。 |,"['性地一下起，通街糴無米。', '啥物心情攏揣有一首歌來合。', '揣有幾个人真正去拄著魔神仔？', '三百、五百，買無一隻鹹水鴨。', '膨風水雞刣無肉，', '揣有幾个人真......', '有囡仔佇身軀邊經跤經手欲哪做有工課？']"
011-01,| 加+[動詞] | ke+[tōng-sû] | 表示數量增加，即「多……」。 |,"['加啉寡滾水。', '佇二月彼個月加算一工，叫做閏月，', '閣加食一屑仔。', '免加講，騙戇的，', '若是政府加關心弱勢者，敢是閣較應該替這个失去聲音个人撨摵咧？', '咱愛加種樹仔來保護地球，']"
011-02,| 加+[副詞] | ke+[tōng-sû] | 表示程度增加，即「更加……」、「……得多」。 |,"['有一領本島褲通拭，加足利便。', '母語若無好，欲共其他語言學予好，就加真食力。', '按牛的遭遇想著台灣人嘛無加偌𠢕。', '行起來感覺加真有安全感。', '是三百六十五日閣加較臨仔六點鐘，', '閣比進前加足有元氣！']"
011-03,| 減+[動詞] | kiám+[tōng-sû] | 表示數量減少，即「少……」。 |,"['閣有時仔像減跳一下，心臟袂輸欲停去的款式，', '按呢就會使減行一大節路，']"
012-01,| 愛/著/著愛 | ài/tio̍h/tio̍h-ài | 表必須、要求、期望。 |,"['落南上北的朋友愛注意天氣差異', '【著】又閣著開刀？', '【著愛】有病著愛醫，', '咱想欲予人看會起，著愛先尊存家己的語言。', '【愛】工課愛做雙份，才會當換一頓飽，', '有當時仔閣著食番薯簽配鹽，']"
013-01,| [動詞]+[補語] | [tōng-sû]+[pó͘-gí] | 表示該動詞產生的結果。 |,"['步道一路慢慢仔𬦰懸，', '教歹囡仔大細。', '選舉支票烏白開，選牢了無想欲兌現，', '電火球仔嘛趕緊共開開。', '早頓著食好，中晝頓著食飽，', '早頓著食好，......']"
014-01,| [動詞]+[賓語]+[補語] | [tōng-sû]+[pin-gí]+[pó͘-gí] | 表示該動賓詞組產生的結果。 |,"['你毋通看伊無。', '伊若啉酒醉，攏講伊無醉。', '到食飯飽的下晡時，']"
015-01,"| （雖然）……，毋過…… | (sui-jiân)..., m̄-koh... | 表示語意轉折，即「不過、但是、可是」。 |","['雖罔我少年，毋過對台語教學真有心。', '雖然大水無情，毋過人間有愛，', '雖罔我少年，......', '聽起來怪奇，毋過猶是留予逐家臆較趣味，', '寫矣，毋過印仔猶未頓。', '我嚨喉疼，毋過嗽攏無痰。']"
016-01,"| ……是……，（毋過）…… | ...sī..., (m̄-koh)... | 雖然……但是…… |","['好是好，做起來才知無簡單，', '伊好額是好額，一日到暗攏破病倒佇眠床頂', '伊好額是好額......', '雞胘好食是好食，毋過全全筋，阮老歲仔敢哺會loeh。']"
017-01,| 這/彼 | che/he | 近/遠指指示代詞，即「這（個）、那（個）」。 |,"['啊這欲按怎治療？', '彼白菜生甲若茄茉咧，有夠大欉！', '若是干焦講佮聽，彼是絕對無夠的。', '絕對愛處理的是這。', '彼到底是佗位？', '恁臆看覓這是啥物？']"
017-02,| 這～/彼～ | chit~/hit~ | 近/遠指指示詞，接名詞、量詞或數量詞，即「這、那」。 |,"['彼幾日，阿母逐工看新聞、流目屎，', '啥物時陣會講這句話？', '高中出業彼一年，', '我會提起這項......', '這个動作有啥物意涵？', '我會提起這項代誌，毋是為著展風神，', '相爭欲食彼枝冰。']"
018-01,| 遮/遐 | chia/hia | 近指與遠指代詞，即「這裡、那裡」。 |,"['對遮，咱就會當了解台灣中國化的程度有偌爾仔深。', '去外口遐等一下！', '𪜶早就傱來佇遐等主人家的車；', '電光室佇門口斡倒爿遐，', '十九世紀，移民捌佇遮相刣甲欲死欲活。']"
018-02,| 遮/遐（爾）…… | chiah/hiah (-nī)... | 表達形容詞的程度，離自己較近或較有關者用「遮（爾）」，離自己較遠或較無關者，用「遐（爾）」」，即「這麼、那麼」。 |,"['無像過去遐時行。', '溪水遮清氣著。', '哪會遮厲害！', '差不多有三个玉山國家公園遐爾仔大喔！', '這馬的寒天無像較早遐生冷，', '差不多有三个......', '厝裡頭喙遮爾濟，']"
018-03,| 遮的/遐的 | chia-ê /hia-ê | 指一類群人事物，離自己較近或較有關者用「遮的」，離自己較遠或較無關者，用「遐的」」，即「這些、那些」。 |,"['遐的人敢有一屑仔反省的心？', '這馬我欲講的是影響比遐的較大的「聚珍堂」，', '無親手摸著遐的古早物，', '向望遮的囡仔以後大漢會閣對我這个老師有印象。', '遮的新聞事件有一个共同點，', '以上遮的，就算咱已經攏捌透透，猶原愛閣較有闊度，']"
019-01,| 佗…… | tó... | 疑問代詞，接「位」、「幾」及數量，即「哪……」。 |,"['啊月上圓的時陣是佇佗一工？', '請問，你蹛佇佗位？', '阮問伊彼兩字是佗兩字，', '看欲讀佗幾本，揀揀咧', '身騎白馬過三關，到底是佗三關？', '後擺毋知會輪著佗一隻水牛。']"
019-02,| 佗 | toh | 疑問代詞，即「哪裡」。 |,"['想到佗閣放到佗，', '精神專注佇佗？', '月初的月出現佇佗，', '網路恐嚇是對佗查！', '等咧欲去佗？']"
020-01,| 佇+所在/時間 | tī+[só͘-chāi/sî-kan] | 在某某地點/時間。 |,"['頂擺出現是佇七冬前喔！', '佇某一擺開講的時，', '伊佇一九九一年出世', '佇臺灣超過一百五十冬歷史。', '毋是，是佇火車頭的對面。']"
020-02,| 踮/蹛+所在 | tiàm/tòa+[só͘-chāi] | 在某某位置。 |,"['留蹛臺灣本地開錢上實在，', '踮門後不時圇頭探看覓，', '踮台北附近，', '我親像彼隻跍踮山腰的鶯歌鳥', '你就蹛市場四界踅、四界傱，']"
021-01,| 時間講法 | sî-kan kóng-hoat | 1:30→點半tiám-pòaⁿ 5:30→五點半gō͘ tiám pòaⁿ 3:40→三點四十（分）saⁿ tiám sí-cha̍p (hun) 整點與半點加上「鐘」表示時間長度，一小時三十分讀為「點半鐘tiám pòaⁿ cheng」，一分半讀為「分半hun pòaⁿ」，兩個小時讀為「兩點鐘nn̄g tiám-cheng」 |,"['佮高中同學開會到下晡四點半煞，', '頭尾舞差不多點半鐘才共窒路的柴箍徙甲離離離，', '本底按算一點鐘就會當錄好。', '對八點半等到九點，主角攏無形影，', '下晡兩點到𪜶兜']"
021-02,| 日期講法 | ji̍t-kî kóng-hoat | ○月初○、○月○○→1~10日用「初○」，11日以後只講數字，都不接「日」或「號」。 |,"['今仔日是舊曆正月十五', '今仔日是一百空八年七月初九', '佇八月十一進前到甲五千人的連署坎站。', '五月初五', '今仔日是一百......', '今仔日是六月十九，拜一', '今年六月二十四彼工是我人生足重要的日子']"
021-03,| 禮拜講法 | lé-pài kóng-hoat | 週一到週六為「（禮）拜一」到「（禮）拜六」，週日為「禮拜（日）」。 |,"['拜六阮學校有運動會呢！', '有一个禮拜六，', '今仔日是三月初一，拜五', '今仔日是六月十九，拜一', '今仔日是十二月十四，禮拜']"
021-04,| 公元年講法 | kong-goân-nî kóng-hoat | 1000年以前以數數字的方法讀，1001以後以數字的文讀音讀，0多讀為khòng；4位數之第2個數字讀本調。（教會則全部用數數字的方法讀） |,"['今仔日是一百空八年七月初九', '比論二空一一年，冰島的公民反對「用稅金還國債」，', '蔣渭水高速公路佇兩千空六年中通車，', '甲午戰爭是發生佇一八九五年', '一九九九年發生九二一地動', '「台灣漫感」是伊經過十冬了後轉來台灣（一九三一年，昭和六年）']"
022-01,| 數字讀法 | sò͘-jī tha̍k-hoat | 101→一百空一chi̍t-pah khòng it 110→百一pah-it （「一」可省略，如「千三、萬五、斤半」） 111→一百十一chi̍t-pah cha̍p-it 230→二仔三jī-á-saⁿ、兩百三十 nn̄g-pah-saⁿ-cha̍p、兩百三nn̄g-pah-saⁿ 231→兩百三十一nn̄g-pah saⁿ-cha̍p-it 1、2依位置各有異讀，3開始為白讀，7只有一讀。 |,"['電錢兩個月四百三十六箍', '攏總有一百空五个人報名。', '逐家康健食百二！', '好，無，予我一箍的百五、五箍的三仔五、', '量約百六公分的瘦伯仔，上捷出現的所在是北區佮中西區彼箍圍仔的街頭。', '來賓五百六十九號請來三號櫃台辦理', '攏總四百六十八箍，找你三十二箍']"
023-01,| 電話號碼佮專有名詞 | tiān-ōe hô-bé kah choan-iú bêng-sû | 變調組從起始處以2碼或3碼為一組，4碼則拆為各2碼，例如：09#12#-345#-678#、02#77#40#78#90# #前的數字讀本調。0多讀為khòng，其他都使用文讀音。 |,"['阮兜的電話號碼是空四四九六二九八四', '阮兜的電話號碼是空三九二九一七三一', '我的手機仔是空九六空七五七三八四', '阮兜的電話號碼是空六三二九五一八二']"
024-01,| 無 | bô | 表示對存在、狀態和動作的否定，和「有」相反。 |,"['俗物，無好貨。', '健康大漢無煩惱。', '唯一無變的是彼粒堅決的初心。', '草地人無需要遮的。', '失禮，伊這馬無佇咧。']"
024-02,| 袂 | bē | 對事件可能性或現象的否定，和「會」相反。 |,"['就是袂團結的緣故。', '細膩袂蝕本，荷包愛縖予絚！', '會吠的狗，袂咬人。', '免沃肥閣袂著蟲，𠢕大閣臭賤，', '拍電動電錢嘛無傷重，袂造成負擔。']"
024-03,| （猶）未 | (iáu-)bōe | 沒……，表示還沒發生。 |,"['未做娘先做𡢃。', '逐冬，攏有學......', '喙未擘開、嚨喉滴仔就看現現。', '阮先按下閣猶未解決的案件，', '睏猶未飽，阿母就叫我起床，', '逐冬，攏有學生猶未滿二十，']"
024-04,| 毋 | m̄ | 與意念有關的否定。（但有以下例外：毋捌、毋著、毋是、毋知、毋敢、毋肯、毋甘、毋好、毋甘願、毋通、毋值等用法則無關意念。） |,"['是按怎有車毋開，欲選擇騎鐵馬去上班？', '天公伯仔若毋相伨，', '伊毋信就講：啊掃帚星就會落落來矣。', '欲做抑毋做全然佇人的一念之間。', '欲去烏影，毋去是吊鼎。']"
024-05,| （毋）免 | (m̄-)bián | 接不需要執行的動作，即「不用、不必、不須」。 |,"['無啥物，免客氣。', '啥物攏免想，啥物攏免驚', '其他的代誌，你這馬毋免問，', '毋免加講話就知影愛按呢落做，', '日子會得過就好，毋免遐辛苦。', '其他的代誌，......', '小可胃腸問題，免緊張啦！']"
024-06,| 莫 | mài | 表示禁止或勸阻，即「不要」。 |,"['莫緊張，我的借你。', '莫啦！莫啦！......', '莫問！你會驚。', '有一算一，莫想欲佮人比，', '莫啦！莫啦！我是咧講笑的呢！', '鼻仔捏咧莫喘氣，']"
025-01,| [假設] | [ká-siat] | 假設用法，包含若、準、若準、準若、準講、若是、假使、假設、設使等等 ，表示「如果、若」。 |,"['設使伊有繼續讀，我敢猶會當成做第一名？', '若想起咱臺灣，話就講袂完。', '若是一般問題正常會跳入去後台的設定畫面', '若準天氣毋是......', '準若無蓋濟，看起來猶是會騙得人，', '假使這是我日後欲行的路，我相信你會幫贊我，', '若準天氣毋是遐熱，我足想欲建議你騎自輪車去。', '準講到時厝地真正若予人拍賣去，阮和欲蹛就無所在，']"
026-01,| [動詞]--咧 | [tōng-sû]--leh | 表動作持續進行，大致同華語[動詞]+著。 |,"['跳起去共阿吉𢯾咧，', '棕蓑穿咧，家己的安全著斟酌。', '籃仔囥咧，一......', '兩枝拐仔托咧，hap來到大門口，', '籃仔囥咧，一个一个跔踮田裡。']"
026-02,| [動詞1]+咧+[動詞2] | [tōng-sû (1)]+leh+[tōng-sû (2)] | 維持動詞1的狀態做動詞2的動作。 |,"['攏會偷偷仔綴去覕咧看伊有佮別的查埔人講話無？', '俊生接咧講：', '無，就是勼咧睏，睏甲一圈肚比Becca較大！', '伊紲咧講無仝國的語言，', '頭前有人向邊仔步道一直行，阮就綴咧行，']"
026-03,| （當）佇咧+[動詞] | (tng)-tī-teh+[tōng-sû] | 表示正在進行一項動作或持續一種狀態。「當」的作用為強調正在進行中，可省略；「佇咧」常有不同的合音形式。 |,"['當咧煩惱袂煞的時陣，雄雄聽著氣象報告', '[當咧]捷運新莊線當咧施工，', '原來是咧拆裝潢！', '海水靜靜仔咧流。', '[咧]燈咧爍，有無？', '[佇咧]如今我嘛看著阿母佇咧煮糜的背影，', '今仔想欲共你......', '今仔想欲共你講竹仔湖的紫陽花當咧開呢！']"
027-01,| 較……咧 | khah...--leh | 祈使句。「咧」是「一下」的合音。 |,"['意思是講做人做事著較差不多咧，', '上好閃較邊仔咧，', '緊捾水來！較緊咧！', '欲試食嘛愛較有站節咧才著啊！', '你有要緊無？較忍耐咧喔！', '明仔載你著愛較早來咧。']"
028-01,| [動詞重疊]+--咧 | [tōng-sû têng-tha̍h]--leh | 短時貌，即進行的動作有快速、稍微等意思。 |,"['凊彩捋捋咧就會使出門囉！', '需要去病院做復健治療，共頷頸搝搝咧。', '共囥佇路邊的回收物抾抾咧，', '欲講話愛先經過頭殼想想咧，', '我是小等欲出門，趕欲先洗身軀洗洗咧，']"
029-01,| 偌+[形容]+咧 | gōa+[hêng-iông]+--leh | 表達對該形容詞的強調。「偌」可用「gŏa-nī-á」及其他不同音變來增加強度。 |,"['伊一个孤單老人毋知欲偌爾仔寂寞咧？', '是偌爾仔歡喜你敢知影，', '我才知影阮小弟偌𠢕咧！', '會當同齊出來𨑨迌，毋知偌好咧。', '自我紅紅幼幼晟到今，毋知有偌辛苦咧。']"
030-01,| 欲1 | beh(1) | 表意願的「要」，動詞。 |,"['欲啥步，「酒、色、財、氣」空，', '這款子弟現此時是窒倒街，你敢欲！', '哭欲一台細台的跤踏車。', '看欲啥物型就用啥物貯，', '同學攏有所費通好買四秀仔，我嘛欲！']"
030-02,| 欲2+[動詞] | beh(2)+[tōng-sû] | 表示意願的「要」，助動詞。 |,"['莫想欲佮人比，', '我欲買一斤。', '你欲揣啥物人？', '伊想欲共阿兄講啥物？', '我欲報名。', '有人想欲約你食飯，']"
030-03,| （咧）欲3 | (teh-)beh(3) | 表將要、快要、接近。 |,"['對宜蘭盤過欲半个臺灣，來到高雄，', '我提早欲半點鐘到現場，', '閣共訂兩套欲倚色的大紅，', '嘛騎欲五萬五千公里矣，', '台中市咧欲成做台灣第二大城市', '煞嘛忝甲欲害去。', '敢若小可有欲變歹天的款。', '咧欲袂赴讀冊矣呢，猶毋起來。', '知影家己欲生矣，']"
030-04,| （若）欲4 | beh(4) | 表示若是、若要、該有等假設的語氣。 |,"['欲好龜𬦰壁，欲敗水崩山。', '毋過若欲收成較濟閣多利，', '茶欲好啉著第二泡。', '欲我，早就佮伊變面矣。', '總是高雄若欲成做閣較理想的工場地區，']"
030-05,| 欲5 | beh(5) | 加在疑問詞前以加強語氣。 |,"['欲哪靜會落心來讀冊呢？', '若出喙就講別人的話，欲哪有家己的文化？', '無掖種欲哪會當向望收成。', '像你按呢儉死錢，是欲按怎會好額？', '事業欲呔會放心放予𪜶去扞？']"
031-01,| 就1 | tō(1) | 連接詞，表示前後句有承接、選擇、讓步等關係。 |,"['只要戇戇仔食、就會戇戇仔大，', '有生就有死。', '干焦想著就予人流喙瀾。', '搬來了就開始做生理，', '「這款，毛直直洗了就虯去。', '人若無病疼，人就清爽；', '我若欲出門，伊就直直哀，', '逐工若是看著我，就足有精神的，']"
031-02,| 就2 | tō(2) | 副詞，表示立刻發生、確認肯定、早已存在、相對差異等語意。 |,"['無啦，伊連鞭就出來啦。', '對這種小所在......', '對這種小所在，就會當看出政治人物投機的個性，', '另外一班就無遮好運，', '日本時代進前台灣就有在來的咖啡樹，', '我幾年前就有一个想法，']"
032-01,| 一下……（就）…… | chi̍t-ē...(tō)... | 表示兩個動作間的連續狀況，即「一……就……」。 |,"['一下無張持，就著火去。', '𪜶知影欲按佗位拍死本土語言，一下拍就著。', '人一下死就逐項準煞矣。', '局勢一下變，兵敗親像水崩山。', '干焦唚一下就有大紅包，', '局勢一下變，......', '一下無細膩，就會跋對溪仔底落去。']"
033-01,| （[動詞]+）會曉 | ([tōng-sû]+)ē-hiáu | 表學習而來的能力。 |,"['一般攏是干焦會曉聽佮講，袂曉教囝讀寫母語，', '毋過我大漢矣！愛學會曉用錢的鋩角，', '無偌久就會曉騎矣。', '我共預測，小學三年進前應該會曉五種話矣。', '請問，你會曉講台灣話袂？']"
034-01,| 捌……（過） | ba...(kòe) | 表示曾發生過。否定用「毋捌……（過）」。若加「過」又不接賓語時「過」讀輕讀。 |,"['你敢捌聽人講？', '阿雄毋捌作穡過，', '夯到三十八度呢！從來毋捌遮爾懸。', '伊從來毋捌直接回答我，', '會記得阮老師捌講過一个真實的故事，', '我毋捌看過阮媽媽，']"
034-02,| （有）……過 | (ū)...kòe | 表示曾發生過。不接賓語時讀輕讀。否定用「無……過」。 |,"['頭前有講過：', '攏有學過一寡仔。', '這種代誌我無經驗過。', '我教過的囡仔攏足愛我的台語課。', '我自頭到尾至少有斟酌共讀過兩擺，']"
035-01,| 敢……？ | kám...? | 答案只有是或否的疑問詞。 |,"['這馬敢是秋天？', '嘛早就成做異鄉矣，敢毋是？', '目前的資訊敢有夠？', '敢按呢？', '毋知你敢有食過米芳？', '干焦買一項，敢袂傷少？']"
036-01,| ……無？ | ...--bô? | 答案只有是或否的疑問詞，置於句尾，輕讀。 |,"['有人欲參加台語演講比賽無？', '繼續拍拚活咧，看會有奇蹟出現無？', '三百箍予我，好無？', '請問，張先生有佇咧無？', '猶愛啥物無？', '袂使閣按呢你知無？', '你講著無？']"
037-01,| ……未？ | ...bōe? | 詢問是否已經發生的疑問詞。 |,"['喝講：「來未？來未？」', '阿花你佇內底創啥？你好矣未？', '恁查某囝食頭路未？(盧典)', '「你退休未？」', '遐爾少年！結婚未？']"
038-01,| 會（曉/使/當/用得……）……袂？ | ē(-hiáu/-sái/-tàng/-ēng-tit...)...--bē? | 1.對能力、實現或可能發生與否的疑問句型。 2.當用於對狀態的疑問，發問者期待得到否定的答案。 |,"['歹勢，我隨寫，會真無閒袂？', '你會曉講台灣話袂？', '1.用行的兩點外鐘久毋知會到袂？', '2.手續會足麻煩袂？', '柑仔會酸袂？', '會使簽名袂？']"
038-02,| 有……無？ | ū...--bô? | 1.確認狀態與事實的疑問句型。 2.當用於對狀態的疑問，發問者期待得到肯定的答案。 |,"['請問王正光，......', '菜有鹹無？', '請問王正光，王先生有佇咧無？', '勞力你。恁遮有代收電火錢無？', '2.按呢毋知有gió-toh無？', '欲。你想五斤有夠無？', '注意看心跳有順、有規律無？', '1.你有印仔無？']"
039-01,| [動詞]+會/袂+[補語] | [tông-sū]+ē/bē+[pó͘-gí] | 表示能夠/無法實現。 |,"['𪜶所趁的月給佇臺北敢𨑨迌會起？', '旋佇樹絡的豆莢濟甲食袂去，', '伊枵甲跤痠手軟行袂振動，', '親像長流水按呢滴袂煞，', '你的生理免驚曷做會落去。', '日時有代誌通無閒，暗時毋才睏會去。']"
040-01,| ……毋？1 | ...m̄?(1) | 正反問句疑問詞，「毋」讀輕聲。常與「……無？」混用。 |,"['你講按呢是毋？', '你敢若是頂日仔新來的，是毋？', '你緊來𤆬我去恁兜蹛，好毋？', '是按怎是毋？彼敢咱兜的鐵門聲？', '是按怎是毋？......']"
041-01,| --咧？ | --leh? | 置於句尾表示疑問。 |,"['你彼隻烏貓咧？', '咱欲按怎做咧？', '我欲食炒飯，你咧？', '敢毋是真利便咧？', '欲哪有可能送予別人咧？']"
042-01,| 啥(物) | siáⁿ(-mih) | 疑問詞或疑問代詞，表示「什麼」。 |,"['啥！啥！你問阮欲食冰無？', '啥物消息攏毋知。', '阿爸，今欲準備啥物？', '伊的英語名是啥物？', '啥物？台灣厚地動，可能會危險？', '𪜶所賣的毋是啥物人生道理，']"
043-01,"| 啥人 | siáⁿ-lâng | 誰、什麼人，常合音讀為siáng, siâng，另有chiâ的形式。 |","['「歹瓜厚子」，chiâ講的！', '是啥人遮爾好運？', '是siáng阻止台灣少年家轉大人？', '恁臆這句話是siáng講的。', '有啥人會知？', '成chiâ？這是我上欲知影的：成二兄，']"
044-01,| 按怎…… | án-chóaⁿ... | 詢問處置的疑問詞，即「怎麼、如何」。 |,"['因為阿爸毋知按怎駛的，煞駛甲毋知路去。', '毋管閣按怎驚惶嘛是會當一睏到天光。', '毋知伊是按怎變的，哪會遮厲害！', '魚佮肉欲按怎揀？', '閣教我愛按怎加油，按怎弄予振動，']"
044-02,| 按怎？ | án-chóaⁿ? | 詢問狀況的疑問詞或疑問代詞，即「怎麼樣」。 |,"['結果按怎？欲知傷慢矣，', '這遍風颱恁遮按怎？', '恁某是按怎？', '今，你考了按怎？', '恁公司待遇按怎？']"
045-01,| 是按怎 | sī-án-chóaⁿ? | 詢問原因、理由的疑問詞，即「為什麼」。 |,"['問你是按怎欲伨伊，', '是按怎會行到這款地步？', '是按怎伊無學著？', '是按怎少年人和這基本人權都無？', '是按怎有車毋開，']"
046-01,| 欲按怎 | beh-án-chóaⁿ | 詢問如何處理，即「怎麼辦」。 |,"['若有人跳出來叫我娶𪜶死去的阿姊，我欲按怎？', '車駛甲無油矣欲按怎？', '行到這个地步矣，袂使嘛愛行！無，欲按怎？', '田裡遐的粟仔佮番薯欲按怎？', '行到這个地步......']"
047-01,| 敢講……？ | kám-kóng...? | 加強反問語氣，即「難道」。 |,"['造成海洋生態劫數，敢講，咱逐家毋免好好考慮？', '敢講你早就知影你時日無濟，欲享盡你的食福？', '為啥物近來三不五時就提物件共伊掔，敢講伊有佇啥所在去得失著彼个囡仔？', '遮的相關法令，敢講攏有歧視的意涵？']"
048-01,| 偌+[形容詞] | gōa+[hêng-iông-sû] | 表示不特定數量或程度的疑問代詞。 |,"['是講，有偌濟民眾來致意？', '啊，頭前毋知閣窒偌長？', '有偌濟氣力做偌濟代誌，', '你洗面愛閣洗偌久？', '今我是咧偌老？']"
049-01,| 因為……所以…… | in-ūi...só͘-í... | 表原因和結果，可省略其中之一，和華語用法相同。「所以」有「所致(só͘-tì)、所擺(só͘-pái)」等其他形式。 |,"['因為我歕了袂䆀，所以就加入社團繼續練。', '因為無通過台語檢定，無法度順利畢業。', '拄好填著這个系，所以就入來的；', '你的腸仔振動了無正常，所以時常想欲放屎，', '因為我會泄尿，所以愛睏下舖，', '因為我歕了袂......']"
050-01,| 有的……有的…… | ū-ê...ū-ê... | 列舉不同情況，和華語用法相同。 |,"['有的搬椅條，有的夯椅頭仔，', '有的真懸，有的較矮，', '有的人支持，有的人看衰。', '有的是換頭家，有的變相換營業。', '有的坐，有的徛，']"
051-01,| 傷（過）…… | siuⁿ(kòe)... | 過度，即「太……」，可接形容詞，也可接動詞。 |,"['毋通傷過煩惱家己「無夠趣味」。', '若傷𠕇就閣下寡水，', '敢袂傷恐怖？', '這敢毋是咱人傷過貪心？', '囡仔人毋通傷作孽。']"
053-01,| 形容詞重疊AA | hêng-iông-sû têng-tha̍h AA | 單音節形容詞重疊，表示程度弱化。 |,"['雞仔喙尖尖，討食用喙啄，', '糖仔甜粿攏甜甜，', '鼻仔佮喙邊有一屑仔白白，', '穿予媠媠、等領薪水。', '阮是聽甲面仔紅紅，頭犁犁，']"
053-02,| 形容詞三疊AAA | hêng-iông-sû saⁿ-tha̍h AAA | 單音節形容詞三疊，表示程度最強。其中本調為第1、5、7、8調之第一個音節會讀為第9調。 |,"['醒來地動停矣，天清清清。', '驚甲戇戇戇，', '嘛愛彼種較骨力、𠢕創新、仁仁仁的高手。', '白頭殼仔𪜶頭殼頂彼chhop毛白白白，', '做伙食一頓燒燒燒、芳芳芳的飯，']"
054-01,| 形容詞重疊AABB | hêng-iông-sû têng-tha̍h AABB | 有程度差別的雙音節形容詞AB重疊成AABB，表示程度強化。部分形容詞強化的形式是ABAC（落氣落觸）、 ACAB（囉哩囉嗦）、ABCB（腌臢死臢）。 |,"['阿英都無愛你矣，你猶閣綿死綿爛咧求伊，', '彎彎斡斡的山路', '若開車毋但袂淋著雨閣會使聽音樂，輕輕鬆鬆，', '明明都足想欲食，閣假仙假觸講食袂落去。', '予我平平安安，歡歡喜喜，', '這件代誌費氣費觸。', '毋是凊凊彩彩就會予人拚過的。']"
054-02,| 形容詞重疊ABAB | hêng-iông-sû têng-tha̍h ABAB | 有程度差別的雙音節形容詞AB重疊成ABAB，表示程度弱化。重疊之間可加「仔」。 |,"['幾仔萬年來，我是涼勢仔涼勢過日子', '阿母無意無意好禮仔共講：「今仔日有人客來，等相借問咧！」', '人生做瘦抽瘦抽，', '若無，這馬的選舉佮日本時代都相𫝛仔相𫝛；', '猶規欉好勢好勢徛甲穩觸觸，']"
055-01,| 動詞重疊AABB | tōng-sû têng-tha̍h AABB | 動詞重疊表示動作重複發生。 |,"['伊就是傷無良心，才會予人指指揬揬。', '著共認定是冥冥當中有一支手咧搝搝搦搦，', '落南去小港機場看飛行機起起落落，', '自昨暝到今伊攏一直啼啼哭哭。', '伊來來去去幾若百逝攏無歇睏，', '早前出出入入著愛蹽溪過嶺，']"
056-01,| 無/有重疊ABAC | bô/ū têng-tha̍h ABAC | 將「無」、「有」重疊後，嵌在所修飾的詞彙BC中，成為ABAC以加強語氣。 |,"['前兩排攏排甲密密，無空無縫。', '遐的心理孤單無依無倚的人', '有一工，包領你無煩無惱笑微微！', '拍人的烏衫人早就旋甲無影無跡。', '阿公會去揣兩枝有頭有尾的甘蔗，共並佇門後。', '林半仙有情有義。']"
057-01,| 對+[起點]…… | tùi/ùi+[khí-tiám]... | 後接處所、時間、狀態等範圍的起點或來源，表示「從……」。 |,"['對宜蘭盤過欲......', '對宜蘭盤過欲半个臺灣，來到高雄，', '[來源]這个對五星級飯店來淡水開雞卵糕店的師傅，', '的確是提著對美軍福利社來的咖啡粉。', '[處所]對東爿的山地來。', '對八點半等到九點，主角攏無形影，', '對二空一空年秋季到今，', '對頭頂到尻脊，', '[時間]對初一開鬼門開始，', '咱對頂面的故事會當來思考一个問題：', '正常人放屎大約是對一工三擺到一禮拜三擺，', '[狀態]對我紅紅嫩嫩𤆬到今遮大漢，']"
057-02,| 對+[目標]…… | tùi/ùi+[bo̍k-piau]... | 後接處所，表示「到……」。 |,"['溪水直直共文化捒對頭前去，', '對這間安二十六塊窗仔的房間看對外口去，', '陪美賢顧擔仔位的時，看對邊仔去，', '流對厝角頭去，', '金黃摻玉青的花海連對天的彼爿去，']"
057-03,| 對+[對象]…… | tùi+[tùi-siōng]... | 介詞，接名詞，說明動作或情意的對象。 |,"['我對伊是充滿好奇，', '但是阿姊對小妹真疼痛，', '對家己的主體性有所認同，', '有我對老厝的感情，', '抑是對伊有啥不滿？']"
058-01,| ……捅+[量詞] | ...thóng+[liōng-sû] | 加在十、百、千以上的倍數詞或時間整點之後，表示只超過一點點的概略數量。 |,"['嘉義市四千四......', '佇民國五十捅年的熱天，', '這个o͘-jí-sáng差不多七十捅歲，', '這馬才五點捅仔爾爾，無著急走，', '有挽著十捅莢較大的楊桃豆，', '嘉義市四千四百捅人占第二，']"
058-02,| ……外+[量詞] | ...gōa+[liōng-sû] | 加在十、百、千以上的倍數詞或時間整點之後，表示超過一些的概略數量，即「……多」。比「捅(thóng)」多。 |,"['有兩千外公尺長，', '十外冬來攏無變！', '六十外歲致著糖尿病，', '二十外个家庭綴公司食飯，', '雖然經過四十外年，']"
058-03,| ……幾+[量詞] | kúi+[liōng-sû] | 加在十、百、千以上的倍數詞之後，表示1到9的某個數量。 |,"['十幾度的寒流天，', '九十幾歲的老母，', '會記得民國六十幾年，', '伊講，駛二十幾冬的車，']"
058-04,| 成+[數量詞] | chiâⁿ+[sò͘-liōng-sû] | 加在十、百、千以上的倍數詞或時間整點之前，表示接近的概略數量。 |,"['看你遮有成十款，', '成十冬來，研......', '睏到九點外成十點起床的人客準備的，', '成百人受感染，', '比咱閣較早成千萬年來到遮，', '成十冬來，研習內容多數是福當老師咧計畫，', '干焦裝潢費磕著就愛成十萬，']"
058-05,| 幾若+[數/量詞] | kúi-nā+[sò͘/liōng-sû] | 後可接十、百、千以上的倍數詞或直接接量詞，表示不定多量。 |,"['沿路參觀路邊幾若間的老建築，', '澎湖本身嘛有幾若種腔口。', '沿路參觀路邊......', '未來一个少年的愛飼幾若个老人。', '幾若工前就緊張甲睏袂去。', '價值幾若百萬箍的寶物，']"
058-06,| 幾+[(數)量詞]+仔…… | kúi+[(sò͘)liōng-sû]+á... | 中間為十、百、千以上的倍數詞或量詞，表示不定少量，可輕讀。 |,"['千秋頭前閣有幾欉仔矮樹，', '共身軀頂幾滴仔水𫝺落去、欲來拍火。', '若是早幾年仔有社會單位介入來鬥相共，凡勢會當阻擋', '若是早幾年仔......', '毋信，我就舉幾个仔例，', '學歷喔？啊就若ABC捌幾字仔就好。']"
058-07,| --[數量] | --sò͘-liōng | 將數量讀為輕讀時，表示數量非語句的焦點。若用「一、兩、幾」則表示不定量。 |,"['這項菜真好食。閣加食一屑仔。', '去共朋友擺幾千箍仔。', '阿媽請你著加𣁳兩碗仔，閣加請兩个仔，', '就歡迎伊加蹛一站仔，', '來去溼一杯仔，我請。', '流傳真濟佮魔神仔有底代的故事，閣會留人踮遐蹛幾工仔。']"
059-01,| 幾+[量詞]？ | kúi+[liōng-sû]? | 表示特定數量的疑問代詞。 |,"['按呢重覆來去，毋知影到第幾擺矣，', '用號碼來號第幾間的腦寮，', '有興趣聽的人，毋知猶賰幾个？', '大約仔知影你有幾兩重。', '毋知閣會曉幾種語言？']"
060-01,| 攏 | lóng | 表示「 （全部）都……」。 |,"['都攏無顫悶著，', '伊真𠢕讀冊，攏是班裡第一名。', '連雞仔鴨仔嘛攏家己飼。', '彼工，各庄頭攏愛辦牲醴來祭拜媽祖婆，', '毋過，逐年攏有中秋，', '實在蓋無奈恁攏毋知，', '彼工，各庄頭......', '毋管大細莢時到攏看現現，']"
060-02,| 都 | to | 表示強調的語氣，語意包括就、又、更、全部、已經等等；表示全部的「攏(lóng)」華語也翻譯成「都」，但兩者意思不同。 |,"['逐冬會搬演一擺，若無去看都會怨嘆喔！', '厝生食都無夠矣，欲哪有通賰咧做序細娶某的聘金，', '幾若个兵仔，阿琴一世人都袂放袂記得。', '查某囝，疼，都袂赴矣，欲哪有可能送予別人咧？', '阿姑一个面仔膨獅獅，氣甲一句話都毋知欲按怎應。']"
061-01,| [動詞/形容詞]+到/甲…… | [tōng-sû/hêng-iông-sû]+kah... | 動作或狀態達到某時地、程度或結果。「到」經常虛化成「甲」。有時會把補語省略，表程度高，此時「甲」雖在句末仍須讀變調。 |,"['彼當陣疼甲欲死，', '我枵甲擋袂牢，', '莫講啥，𪜶德國無甲一條路號做「Hitler路」，', '咱攏來倒退，退到溪岸頭，', '笑甲吱吱叫；', '戊戌年行到年尾矣，']"
062-01,| A比B較…… | A pí B khah... | A、B兩者比較，A比B更……。「較」不可省略。「比」也可用「並(phēng)」。 |,"['有咧做總是比無咧做較好；', '夯筆比夯鋤頭較重。', '並你的咖啡應該袂較輸。', '我自細漢文科一直攏並理科較強，', '向望家己的囝會比人較𠢕，', '這款漚戲並三頓閣較捷']"
062-02,| A較……B | A khah...B | 兩者比較，A比B更……。 |,"['一个某較好三个天公祖', '流汗較贏流鼻。', '阿鵲聽了吐一个大氣，怨嘆人較毋值彼狗。', '彼是甘蔗園密喌喌閣較懸人，', '吹電風較輸吹自然風，']"
062-03,| A比B加…… | A pí B ke... | A、B兩者比較，A的程度明顯高於B。 |,"['水牛的身體比獵豹加真大，', '沙塵暴落南來台灣比去到美國加兩工。', '雖罔我練琴的......', '風微微仔吹，是比都市吹冷氣加好得真濟；', '雖罔我練琴的時間比別人加足濟，', '閣比進前加足有元氣！']"
062-04,| A 有/無 B 遮/遐…… | A ū/bô B chiah/hiah... | A有/沒有B這麼的…… |,"['這無彼遐貴', '逐隻攏有我的手捗遐爾大', '山頂無臺北遮熱', '你無我遮無閒', '趁的錢可能無做莊、跋筊遐濟', '民主佮咱猶有離天七舖路遐遠！']"
062-05,| 較 | khah... | 與一般狀況或現狀相比要更……。 |,"['凊彩揣有較閘蔭的所在就共栽落去，', '各大學攏濟少有較現代化，', '月餅的款式有較濟，', '若欲較緊，著愛坐計程仔，有較貴；', '坐十一號仔有較遠啦，']"
062-06,| ……平…… | ...pêⁿ... | 平比句，表示兩者一樣、相等。 |,"['差不多兩寸懸，佮咱咧用的柴印仔欲平大，', '查埔、查某攏穿彼款褲囊佮褲腰平闊的烏褲。', '咱來提白粉共咱的頭殼頂染做烏的，按呢就攏佮𪜶平媠矣！', '大人只賰和老母平歲的大妗爾爾，']"
062-07,| 會比得/袂比得 | ē-pí--tit/bē-pí--tit | 比得上／比不上，兩者能／不能相提並論。 |,"['差濟咧，袂比得。', '哪會比得？做人著認清家己，', '抑是去菜市仔就隨買隨有，真正袂比得']"
064-01,| ……（又）閣1…… | ...(iū-)koh(1)..... | 兼具前後兩種條件。 |,"['班裡有一个媠媠閣有氣質的查某同學做伙讀冊。', '𠢕大閣臭賤，', '免沃肥閣袂著蟲，', '喙焦閣腹肚枵，毋敢開喙，', '有影看起來媠閣合軀。']"
064-02,| 閣2（再）…… | koh(2)(-chài)... | 又、再，表示再次或持續發生。 |,"['載出，無閣載入', '我閣用指頭仔敲第二改，', '應當是會繼續予這个問題閣再拖落去。', '叫伊莫閣齧矣。白蟻真正即時恬去，', '又閣著開刀？', '應當是會繼續......']"
064-03,"| ……，閣3…… | ..., koh(3)... | 還、而且，表示強調後面的狀態。 |","['毋但參加活動，閣不時捐款。', '斷層濟，閣加上長期抽地下水造成土地陷落；', '伊那看那愛笑，閣毋敢笑出聲，', '民宿的頭家提供食佮蹛，閣𤆬人客𨑨迌。', '開車較省時間，閣免曝日、搧風、淋雨，', '民宿的頭家提......']"
064-04,| 閣4…… | koh(4)... | 表示出乎意料的「還……」。 |,"['偏偏阮兜就有這款戇人，閣毋但一个喔！', '閣真正像伊講......', '閣真正像伊講的按呢，滿天的飛蜂hōng-hōng叫，', '閣袂少少年家、阿啄仔嘛來看，', '彼陣全世界閣袂少國家來參訪，', '感覺伊點出來的「媠」閣不止仔有道理。']"
064-05,| ……閣5 | ...koh(5) | 閣後的話語省略，表達強調的語氣，且「閣」讀變調。 |,"['我都無咧戇閣，哪有可能遐簡單就予伊騙去。', '抑是消毒處理無好勢，致使囡仔、大人一條命煞保袂牢閣。', '你都毋是柴頭閣，是按怎攏毋知影伊咧想啥？']"
065-01,| 著1 | tio̍h(1) | 動詞，表示正確、得到、輪到。 |,"['著就是著，毋著就是毋著，事實囥踮面前，', '著我的番矣。', '[輪到]著你洗碗矣。', '二空一六全國特殊優良教師著獎感言', '[得到]免沃肥閣袂著蟲，', '[正確]今年過年的天氣嘛會仝款真好才著！']"
065-03,| [動詞]+著2 | [tōng-sû]+tio̍h(2) | 後接賓語，表示[動詞]+到。不接賓語時動詞讀本調、「著」輕讀。 |,"['排半點外鐘才排著。', '阮班的同學攏驚會予伊𪐞著，', '袂去礙著我的工課。', '誠濟國家拄著亢旱的苦楚，', '我驚伊鋸著家己，', '滑一下摔一倒，鑢著面，摖破鼻，']"
065-04,| [動詞]+著3 | [tōng-sû]+tio̍h(3) | 後接該動作引發的感受，表示[動詞]+起來。動詞讀變調、「著」讀本調。 |,"['彼款會當趕蠓的電子晶片，用著嘛誠好勢', '彼款會當趕蠓......', '溪水浸著有夠爽，你哪會遐慢。', '這號話聽著真礙虐。', '吊橋行著會㽎。', '粿皮頂印「雙喜」，看著誠有喜氣款。', '你敢知影？食著會紲喙。']"
065-05,| [動詞]+著4 | [tōng-sû]+tio̍h(4) | 後接該動作的描述，表示[動詞]+得。動詞讀變調、「著」讀本調。 |,"['予人看著誠毋甘。', '伊賰落來的日......', '你講著真有理路。', '盤山過嶺行著真緊，', '伊賰落來的日子過著有尊嚴無，']"
065-06,| [形容]+著5 | [hêng-iông]+tio̍h(5) | 表示意外的語助詞，讀輕聲。 |,"['遐貴著，我買袂起', '你哪會遮緊著', '外口遐寒著，你哪會穿遮少。', '好啊！溪水遮清氣著。']"
066-01,| 那……那…… | ná...ná... | 兩件以上的事情同時進行，即「一邊……一邊……」。也有「一面……一面……」’「沿若……沿若……」等用法。 |,"['我就和一个o͘-jí-sáng那開講那等伊。', '一面讀台文通訊，一面研究羅馬字，', '我佮阮阿兄是沿若歡喜沿若煩惱。', '那哼歌那走轉去厝內。', '糜那煮那抐，', '逐家那行那走那開講，', '跤佇水裡那滒那蹔，', '阮就一面聽著溪水唱歌，一面慢慢仔行，']"
067-01,| [動詞]+--一下 | [tōng-sû]--chi̍t-ē | 接在動詞後面，表示短時間或大致進行該動作，讀輕讀。 |,"['去外口遐等一下！', '恁閣斟酌看一下。', '椅桌的方向小可仔調整一下。', '咱就來共伊好好仔分析一下。', '請入來坐一下。']"
067-02,| [動詞]+一下 | [tōng-sû]+chi̍t-ē | 接在動詞後面，帶出動作發生後的狀況，依變調規則讀。 |,"['街仔踅一下有紲勢，都也毋捌聽過古坑咖啡；', '阿媽看一下起愛笑', '驚一下煞昏去', '街仔踅一下有......', '謼，挵一下我有夠疼。']"
068-01,| 好+[動詞] | hó+[tōng-sû] | 組合成為表示容易或具正面感受的形容詞。 |,"['「好食、好睏、好放屎」，', '做小頭的顛倒好撨、好摵欲挖的炭額；', '有山有海好𨑨迌，', '披衫挵檨仔絞龍眼，趕狗掠賊攏好用', '咱的人生就敢若頭前這條坎坎坷坷的小路，無好行，', '披衫挵檨仔絞......']"
068-02,| 歹+[動詞] | pháiⁿ+[tōng-sû] | 組合成為表示不容易或具負面感受的形容詞。 |,"['愛等車幫，時間較歹按算。', '這款厝邊真歹紡。', '常在看著的是考題傷難冊歹讀，', '一般旁觀者是真歹體會、替𪜶分擔痛苦。', '錢歹趁，開錢愛儉。', '常在看著的是......', '可怕的是染著毒癮總是予人真歹戒除']"
068-03,| 僫+[動詞] | oh+[tōng-sû] | 表示不容易進行或耗時。 |,"['深山林內真闊、真僫揣人。', '這馬少年的，頭路實在真僫揣。', '致使正當的咖啡館僫生存，', '雖然這个困難真僫解決，', '煮食就較僫熟，', '足僫承擔這个意外的打擊']"
069-01,| 愈……愈…… | jú...jú... | 連接比較關係，表示愈……愈……。 |,"['行到橋中央，......', '囡仔愈吼愈大聲，', '𪜶翁愈講愈興，', '行到橋中央，橋愈搖愈厲害，', '愈濟人做就愈有競爭，', '酒愈囥愈芳，病愈囥愈重。']"
069-02,| 愈來愈…… | jú-lâi-jú... | 表示更加……。 |,"['咱少年的是愈來愈勇敢、有智慧', '愈來愈毋是款。', '咱少年的是愈......', '予身體愈來愈勇健。', '中秋過了，冷風愈來愈透，', '答案愈來愈清楚。']"
070-01,| 嘛1 | mā(1) | 也、同樣、而且，表示條件或情況並列。 |,"['風颱天，風大雨嘛大，閣有塗石流，', '有醫生、有警察，有老師、嘛有學生，', '痟媽祖，嘛愛捌媽祖魚！', '伊毋但有台文才情，嘛有華文才情呢！', '學長阿冬考著大學，後來阿芬嘛考著，', '伊講遐無加油站，嘛無民宿，']"
070-02,| 嘛2 | mā(2) | 表示「即使、寧願……也……」。 |,"['免講一世人，閣予你兩世人，你嘛挖袂了。', '按怎看嘛袂厭𤺪；', '毋管閣按怎驚惶嘛是會當一睏到天光。', '雞卵較密嘛有縫。', '不而過，咱講人較頇顢嘛有一步取。', '阿爸甘願唱歌，嘛無愛閣落舞池。']"
070-03,| 嘛3 | mā(3) | 表達不滿、不耐煩、妥協等語氣。 |,"['你嘛『幫幫忙』，', '你嘛較正經咧，', '工課無嫌硬篤，月給袂計較，請伊來試看覓嘛好。', '恁家己嘛應該去照鏡，看恁讀的系敢有影較有路用？', '嘛較差不多咧，']"
071-01,| （也）……也…… | (iā)...iā... | 連結前後兩個性質相近的謂語。 |,"['按算有牢也好，無牢也好；', '也欲熟似新老師新同學，也欲適應新環境，', '也欲做禮數，也欲做桌布。', '三十捅仔，無食頭路，也無咧讀冊。', '人講食魚食肉也著菜佮，']"
071-02,| A抑（是）B | A ia̍h(-sī) B | 表選擇，即「A或者/還是B」。 |,"['你講著抑是毋著。', '興燒酒，抑是興塗豆？', '毋知是查埔抑是查某？', '看是欲娶某，抑是欲做事業，', '猶閣有相片通看，好來證明是真的抑假的。', '這種禮數毋是看物件的貴抑俗。']"
072-01,| 猶…… | iáu... | 還……，表示仍舊、尚且。 |,"['猶有人會記得，彼回烏山嶺地動，', '彼个時陣，我猶閣袂曉羅馬字，', '臺灣人猶算厚禮數。', '猶不止仔好耍。', '我猶是有一點仔緊張。']"
073-01,| 曷 | a̍h | 又、哪，表示強調或反詰的語氣。 |,"['就有四五个人倚過來，曷無熟無似，煞相爭欲共你搭油，', '咱曷無英語殖民母國的強制資源，', '有人講，彼羅馬字我曷袂曉讀、袂曉寫，', '所以想袂曉因為欲鉸頭毛會哭甲欲死欲活，曷毋是袂閣發，', '我曷知！伊講以前請無過，這馬欲請閣較䆀。']"
074-01,"| （抑若）無1， | (iah-nā-)bô(1), | 不然、或者，後接前述條件的替代方案。會以「無、若無、抑無、抑若無」等形式出現。 |","['我欲哪會食會落飯？無，嘛著凊彩扒兩喙，', '喔，有影無？無，咱來去拍球，好無？', '袂使無收。抑無，提一塊餅相請就好。', '若按呢，無，今年租仔恁交八成就好。', '啊！今仔日歇睏，抑無來款料poān油飯！']"
074-02,"| （抑若）無2， | (iah-nā-)bô(2), | 不然、否則，後接不依照前述條件進行會導致的後果。會以「無、若無、抑無、抑若無」等形式出現。 |","['先來豬砧買後腿肉，抑無會買無，', '橫直你家己愛細膩啦，抑若無你會比我閣較早做仙喔！', '好佳哉，刀工猶原在，無，換別人穩去切著手。', '毋通剖柴連砧剖，若無，是會害人不害己，害著家己死喔！', '請即時即刻去揣心臟科醫師掛急診！若無，會出代誌！']"
075-01,| [形容詞]+仔+[動詞] | [hêng-iông-sû]+á+[tōng-sû] | 部分形容詞加「仔」轉副詞來修飾動詞，即「……地」進行某動作，用於相對消極的語境。 |,"['才慢慢仔行轉去厝內底。', '只要戇戇仔食、就會戇戇仔大，', '而且是笑笑仔接受。', '濟歲人著愛好禮仔行，', '坐落來恬恬仔等待。', '輕可仔做，罔做議量，', '我會當安心仔共伊掛佇咧客廳矣！']"
076-01,| 有時……有時…… | ū-sî...ū-sî... | 連結前後兩個事件，即「有時候……有時候……」。也可以用有時陣、有當時仔。 |,"['有時月圓圓，有時月若眉，', '生理有時好、有時䆀，', '雖罔我的狀況有時好有時䆀', '有時好著生理人，有時好著作穡人；', '地球有時陣夭壽寒、有時陣夭壽熱，']"
077-01,| [動詞]+看/覓/看覓 | [tōng-sû]+khòaⁿ/māi/khòaⁿ-māi | 表嘗試。有[動詞]+看、[動詞]+覓、[動詞]+看覓三種型式。 |,"['著閣來去病院檢查看覓。', '現場閣試看會發動未。', '鮮閣鬆，食看覓就知，保證滿意', '敢有影？試看咧你就知。', '講師叫阮逐家想看覓，', '咱來講覓。']"
078-01,| 按呢…… | án-ne... | 代替前面的句子，即「這樣……」。 |,"['好啊，按呢就麻煩你嘿！', '你若講會清楚主體性，按呢就有「角色定位」的概念矣！', '換我對這爿行過去，按呢咱才會平安過橋，', '厝內閣無電火，按呢欲按怎讀書？']"
079-01,| 拄 | tú | 表示後面接的事情剛發生，即「（才）剛……」。有拄、才、拄才、才拄四種型態。 |,"['拄才你有聽我講過，', '會記得國中二年拄開學無偌久，', '也拄拄仔才赴娶新娘前仔通用nā-tiāⁿ，', '拄行入庄，遠遠就聽著狗仔咧吠的聲，', '紅嬰仔才拄出世就去予無去！', '會記得拄仔開始教課的時陣，']"
080-01,| （先）……才1…… | (seng)...chiah(1)... | 表示條件成立或事件發生有先後順序。 |,"['老師著做好模範，才會當教人子弟，', '咱先來開講，等一下才食飯。', '食五工藥仔才閣來。', '欲𨑨迌寫了才去𨑨迌。', '管待有欠用、無欠用，先踅才講，', '等候若熟才挖起來食。', '按呢先予你洗、揀好，賰的才交予我。']"
080-02,| [條件]+才2+[狀態] | [tiâu-kiāⁿ]+chiah(2)+[chōng-thài] | 表示符合條件才發生後面的事件或狀態。 |,"['按呢對母語文書寫運動才有具體的幫贊。', '這干焦阮遮才有，恁遐無。', '欲試食嘛愛較有站節咧才著啊！', '干焦到年兜，才會當食著魚肉，', '欲試食嘛愛較......', '一直耍甲暗暗暗才離開虎尾，']"
080-03,| 才3+[條件]+就+[狀態] | chiah(3)+[tiâu-kiāⁿ]+tō+[chōng-thài] | 在短時或少量的條件下，就發生後面的事件或狀態。 |,"['才幾工無轉台北，就袂適應。', '才一睏仔囝，我人就袂艱苦矣！', '紅嬰仔才拄出世就去予無去！', '紅嬰仔才拄出......']"
080-04,| 才4 | chiah(4) | 表示只有……。 |,"['伊真儉！總共才這兩領siat-chuh爾，', '設使本錢才十六來算，會當賣到偌懸，', '聽講i--á嘛才四十捅歲niâ。', '昨昏咧用的手鋸仔總長嘛才三十五公分，']"
080-05,| 才5……咧 | chiah(5)...leh | 表示強調的語氣。 |,"['𪜶才毋願參我行做伙咧。', '對一个細漢囡仔來講袂好玄才怪奇咧，', '我才無愛騎咧！', '對一个細漢囡......']"
090-01,| 是講…… | sī-kóng... | 提起話題或語氣轉折。「講」要讀變調。 |,"['頭家娘直直招我買，永遠都留一角仔欲貯甜路，我......', '其實，佇政府的「國家災害防救中心」濟少已經攏上網路予民眾參考。是講，有偌濟民眾來致意？目前的資訊敢有夠？', '像伊做出這種傷天害理的代誌，一定愛受著報應，袂當予伊逍遙佇法律之外。是講敢一定愛共伊判死刑？', '頭家娘直直招我買，永遠都留一角仔欲貯甜路，我攑雙手贊同，是講，敢干焦是查某人？', '先佇網路Go͘gle有關你的消息，就大約仔知影你有幾兩重。是講現在人面冊的觀眾佮族群有這款的現象：文章傷長──貧惰看。']"
091-01,| 袂輸…… | bē-su... | 好像、如同。 |,"['袂輸驚人聽袂著伊欲講的話；', '這號利便的代價袂輸是「刣頭生理」，', '袂輸嘛是對我講的。', '特別是假日，公用電話頭前，排列的人袂輸長城。', '彼當時，奶母袂輸共我當做大漢囡仔，', '袂輸佇鼎底咧炒塗豆遐鬧熱，', '袂輸咧用文字佮影像練喙花、開party。']"
092-01,| 見若……（就） | kiàn-nā...(tō)... | 只要……就……。 |,"['所以見若落一下仔雨，就走山、做大水，', '見若暗時十點外就一直吹狗螺，', '見若相拍一定拍到一爿倒落才會煞事，', '閣較毋通見若不如意就欲共人反。', '細漢時仔見若到五日節，這項工課攏會是我的份，']"
092-02,| 見/串+[動詞] | kiàn/chhoàn+[tōng-sû] | 每次……都……。 |,"['伊串做攏彼款烏魯木齊的代誌', '見講規布袋，實在予人㤉', '伊的喙真聖，見講見對。', '串講攏負面的，']"
093-01,| 偌+[形容]+拄偌+[形容] | gōa+[hêng-iông]+tú gōa+[hêng-iông] | 加強形容詞的程度，後接表達不贊同的語句，即「多怎樣又多怎樣」。 |,"['有人定定欣羨外國，講外國偌媠拄偌媠、偌好拄偌好，', '講著偌俗拄偌俗，結果比人加貴百外箍。', '閣咧品𪜶囝功課偌好拄偌好矣。', '阿三仔誠臭煬，不時講家己偌𠢕拄偌𠢕。']"
094-01,| ……久 | ...kú | 表示一段經過的時間。現多用於表達較短的時間。 |,"['奮鬥到今四十幾冬久。', '燒淡薄仔退。一搭久，燒閣懸起來。', '著解說規晡久，𪜶猶若「鴨仔聽雷」，', '相規晡久，毋知是啥物碗糕sô。', '毋過過半點鐘久煞猶無任何警察來處理交繚。', '食差不多半點外鐘久，就趕緊離開。']"
095-01,| 來去…… | lâi-khì... | 表示「去」，常合音為laih。主語為第一人稱，且會發生在未來。若主語為「咱」，則常有邀約、提議的意思。 |,"['來去做顧問比做工較有意思。', '查埔人行菜市嘛真飄撇。咱鬥陣來去。', '來去溼一杯仔，我請。', '若祖先祭拜煞，隔工咱來去竹仔湖踏草青，', '後禮拜你生日，咱來去知本𨑨迌。', '你考慮一下，我閣來去揣別戶講看覓咧。']"
096-01,| 毋才 | m̄-chiah | 即「才」，強調事件的結果或判斷。這裡的「毋」非表示否定。 |,"['賰落來卯有著的實在嘛無幾个，所以毋才人人不時咧喝歹趁食，', '你敲去佮阿進仔抑是阿興仔講，毋才著。', '久久啉一擺毋才好啉。', '這款豆仔才四捻，毋才有人講是「四角豆」、「翼豆」，', '嘛毋予外口的狗仔傱入來園仔亂翸一場，毋才會遐費氣咧連鞭縛連鞭敨，']"
097-01,| 毋就 | m̄ tō | 強調主觀意見的語氣。這裡的「毋」非表示否定。 |,"['啊毋就好得佳哉有注疫苗，', '毋就加衰的！', '阮幾十冬的拍拚、開墾，毋就攏了白工？', '抱心毋就表示無正常？', '若去予扱著，毋就規領皮都剝起來？']"
098-01,| [形容詞/狀態動詞]+死 | [hêng-iông-sû/chōng-thài tōng-sû]+--sí | 表示該形容詞或該狀態達到極致。 |,"['活欲吵死，人都真愛睏，閣咧共人吵。', '講甲遮聳勢！強欲予驚死，', '頭大親像獅規粒攏貯屎的人真正凝死！', '阿媽是活欲惱死。', '這聲你真正卯死矣。']"
099-01,| [動詞]+了了/了去/了了去 | [tōng-sû]+liáu-liáu/liáu--khì/liáu-liáu--khì | 表示澈底或完全耗盡。 |,"['伊去拄著金光黨，一寡錢攏予人騙了了去。', '現金輸了了，支票閣提起來開', '今，這聲害了了矣，萬二箍呢。', '毋通連鞭發性地，才袂冤甲感情拍歹了了去。', '一代親，兩代表，三代毋捌了了。', '頭路咧欲hông賣了去矣，猶放外外，無要無緊，']"
100-01,| [名詞]+--了了 | [miâ-sû]+--liáu-liáu | 表示「全部都……」，帶有抱怨的意思。 |,['這个袂使，彼个毋通，全你的意見了了。']
101-01,| [動詞]+有/無法+得 | [tōng-sû]+ū/bô-hoat+--tit | 表示能/不能做到。現代口語中「得(--tit)」常省略。 |,"['伊的身材瘦閣......', '伊的身材瘦閣兼薄板，敢搬有法？', '載遐爾濟菜，敢載有法？', '真正讀無法的嘛無勉強，', '這枝柱仔傷細枝，載無法得。']"
102-01,| [動詞]+一下仔+[賓語] | [tōng-sû]+chi̍t-ē-á+[pin-gí] | 表示短時或少量的動作，「仔」不可省略。 |,"['歇一下仔中晝，', '會當享受一下仔清閒，免閣遐爾勞碌，', '干焦早起去抾......', '干焦早起去抾一下仔字紙爾，', '好啦！予我先洗一下仔面。', '所以見若落一下仔雨，']"
103-01,| 哪/呔/盍…… | ná/thài/khah... | 「怎麼……」，以反問表示強調的語氣。 |,"['穿游泳衫、游泳褲的呔遐濟，', '𪜶的生活方式哪會遮怪奇？', '是按怎下昏盍會恬恬咧，', '彼陣盍遐爾仔戇，', '欲哪有可能送予別人咧？', '欸，你毋是無女朋友？呔會共阿美仔騙啊！', '像阮這款生食都無夠的人哪有法度提會出來，']"
104-01,| ……的時（陣） | ...ê sî(-chūn) | 在某個時間點，即「……的時候」。「的」不可省略。 |,"['佇我受委屈的時陣安慰我；', '真少有兩个年級做伙上課的時陣。', '細漢的時，我上愛綴阿母去踅菜市仔，', '大學二年的時我做副社長', '落車的時陣天烏陰烏陰，', '等天氣較涼的時，咱會使來去遐𨑨迌。']"
105-01,| 無啥（物）+[形容詞/動詞/名詞] | bô-siáⁿ(-mih)/bô kài/bô gōa+[hêng-iông-sû/tōng-sû] | 表示「不太、不怎麼、沒什麼……」。 |,"['真濟科學研究基本的無啥實際用途', '正蕊無啥各樣，毋過發現倒蕊有問題，', '阮古早的中秋，佮月娘無啥物關係，', '可能兩床的品質會無啥一致。', '我跤手無啥振動，煞嘛忝甲欲害去。', '免送禮物嘛無啥謝師宴']"
106-01,| 足/真/誠+[形容詞] | chiok/chin/chiâⁿ+[hêng-iông-sû] | 程度副詞，即「很……」。 |,"['外口的雨誠大，', '阿雪講甲足驚惶的。', '所以大部分攏真散食。', '阮兜誠散赤，', '身體恢復了誠好，', '實在足有價值啦！', '阮爸仔真佮意伊，', '逐个學生攏真骨力表現。']"
106-02,| 加足/真/誠+[形容詞] | ke chiok/chin/chiâⁿ+[hêng-iông-sû] | 即「……得多」，表示程度提升很多。 |,"['雙爿面攏有樹仔加誠鎮地；', '水牛的身體比獵豹加真大，', '這時，樹蔭加誠密，', '彼个時代加真艱苦。', '北台灣空氣品質會「加足好」', '北台灣空氣品......', '閣比進前加足有元氣！']"
107-01,| 替 | thè | 替+對象+幫該對象做的事。 |,"['絕對無替𪜶廣告的嫌疑，', '敢毋免替少年的小想一下。', '有代書來講伊欲替阮辦，', '一方面嘛開始......', 'Mac替我做工已經有四冬，', '一方面嘛開始替伊收拾厝內。']"
108-01,| 共+[對象]+[動作] | kā+[tùi-siōng]+[tōng-chok] | 把/將/對/向某對象執行某動作，對象有時可省略。 |,"['趕緊共伊搝去邊仔，細聲共講：', '雄雄硞一下一聲，停手共看，', '人伊早就起來共早頓攢好勢矣。', '刁工共遮的衫穿佇身上，', '好禮仔共伊招呼。', '阿兄走過來共我扶，']"
108-02,| 共（伊）…… | kā(-i)... | 「共」後非實質的對象以「伊」表示，「共伊」可合音，合音時讀為kā且不變調。表示執行後接的動作，有時僅表示加強語氣、程度，沒有對象。 |,"['熱情的歌聲共唱予滿四界，', '咱共想看覓，', 'chhiah-chhiah共跳落去，', '你共看，佮正手有一寡精差。', '就欲來共伊心適一下。']"
108-03,| 共我…… | kā góa... | 語氣不好的命令句。「我」可換成其他指稱自己的用語。 |,"['你共恁爸講予伊清楚。', '我心肝內想：啊好啊你，你共我等咧！', '你共我恬去！', '你共我會記咧！']"
108-04,| 共……[動詞]+做…… | kā...[tōng-sû]+chò... | 把A轉換成B。 |,"['有欲共山崙的一部份起做go͘-lú-huh場的計畫，', '代先共秫米挨做米漿，', '所以𪜶攏共烏頭殼仔看做家己的兄弟，', '將所有傳入的佛教經典攏共翻做漢語', '有共患者發膿堅焦的疕磨做粉，']"
109-01,| 予1+[賓語] | hō͘(1)+[pin-gí] | 「予」做動詞，表示「給予、交付」。 |,"['你共單、印仔佮寄金簿仔予我。我共你辦。', '阿母買枝仔冰，予我佮阮小弟食，', '𪜶予我一个主任的職位，', '向望我會當做一个予人溫暖的人！', '予我力量', '會予人無好的印象，']"
109-02,| [動詞]+([名詞]+)予2+[名詞]+([動詞]) | [tōng-sû]+([miâ-sû])+hō͘(2)+[miâ-sû]+([tōng-sû]) | 「予」做介詞，表示「給」，後接賓語。 |,"['小學學的尾仔攏還轉去予老師矣。', '蕭先生，我開單仔予你，', 'V1O予Ó', 'V1予ÓV2', 'V1予Ó', '你小坐一下，......', '閣炒一項青菜予我配。', 'V1O予ÓV2', '我這陣就隨敲電話予阿進仔，', '敢有暗崁啥好物無提出來煮予人客食的，', '小等咧才講予你知！', '就會做紅龜粿送予親情朋友。', '你小坐一下，我捀茶予你啉，']"
109-03,| 予3+[對象]+[動詞] | hō͘(3)+[tùi-siōng]+[tōng-sû] | 表示使/讓/允許某對象做某事。 |,"['予健康人去穢牛的痘，', '予𪜶成做翁仔某。', '呔攏無欲予阿爸知影咧！', '予咱來欣賞。', '稻仔割了後，通常攏是予田地歇睏，', '實在予阮真欣羨。', '這予我想袂曉，']"
109-04,"| 予4+[對象]+[動詞] | hō͘(4)+[tùi-siōng]+[tōng-sû] | 被動句，即被……。接「人」成為「予人」時，多以合音形式hōng, hông出現。 |","['有當時連眠床嘛攏予雨沃甲澹糊糊。', '𪜶攏予阿竹仔驚驚著！', '毋但學著語言，公孫仔感情嘛好甲hông欣羨。', '阮老爸會𤆬我去親情兜去予人請，', '伊共人算命準甲會予人驚著，', '竹仔林予風吹甲siù-siù叫，', '有人煩惱食，有人煩惱錢；有人煩惱好額會hông掠，', '結果煞予阿雪看破跤手，']"
109-05,| 予5（伊） | hō͘(5)(-i) | 使、讓，「予」後受事的對象以「伊」代表。「予伊」可合音，合音時讀為hō͘且不變調。 |,"['熱情的歌聲共唱予滿四界，', '機會來到面頭前的時，才有才調共掠予牢', '身軀坐予正，手扞仔掠予在，', '食予死，毋通死無食！', '食予飽睏予飽，伊著滿足；', '好，會使得共衫仔穿予好，', '挽無著的，就放予柯，']"
110-01,| 好+[動詞] | hó+[tōng-sû] | 表示「應該、可以……」。 |,"['你蓋兩領被傷濟矣，毋才會按呢。一領好收起來矣。', '好來去轉矣。', '熱人到矣，電風好提出來矣。', '想講等兩點鐘就好通走囉。', '講甲予你捌，喙鬚好拍結。']"
110-02,| 毋好+[動詞] | m̄-hó+[tōng-sû] | 表示「別、不可以……」。 |,"['你毋好一日到暗拋拋走。', '感動是足可貴毋好放袂記得', '醬菜毋好食傷濟', '愛注意毋好予臭焦，', '伊上愛膨風，你毋好予伊騙去。']"
111-01,| 通+[動詞] | thang+[tōng-sû] | 表示「能夠、可以……」。 |,"['好天的時嘛通看著台灣海峽佮太平洋，', '規粒山無幾欉樹仔通遮日頭。', '欲揣看有啥較奇巧的物件通食無？', '這是較普通的鳥仔，四界攏有機會通翕著，', '日時有代誌通無閒，暗時毋才睏會去。']"
111-02,| 毋通+[動詞] | m̄-thang+[tōng-sû] | 表示「不要、不可以……」。 |,"['會食得的物件，毋通討債。', '惹熊惹虎，毋通惹著刺查某。', '食予死，毋通死無食', '買物先看品質，毋通干焦貪著俗，', '咱毋通為反對來反對。', '買物先看品質......']"
111-03,| 無通+[動詞] | bô-thang+[tōng-sû] | 表示「不能、沒得……」。 |,"['毋過日本欲治理臺灣，嘛無通遮爾好食睏，', '無通綴人出去遊山玩水。', '攏無通閘風，無通覕寒。', '可惜的是小生理無通趁大錢，', '就是一人一塊硼砂餅，無通加一塊，']"
112-01,| 連……都 | liân...to | 強調語氣，表示「連……都……」。在部分語境中「都」可替換成「嘛」。 |,"['遮簡單的算術，連五、六歲囡仔都會曉，', '對透早等到日黃昏，連一隻細隻蠓仔都無踏跤到，', '拚甲三頓無照時間食，有時連食飯的時間都無。', '連來學校接囡仔的家長嘛按呢講！', '連小說嘛攏有，', '你看，連這我嘛知，']"
113-01,| [動詞]+完/了/煞/好 | [tōng-sû]+oân/liáu/soah/hó | 表示動作已經完成、結束。這個結構的賓語會放在動詞前面。依不同的語境或個人習慣會選用不同的補語，「完、了」通常表示單純完成，「煞」通常表示事件結束，「好」通常表示產生一個結果。 |,"['將遮的li-li-khok-khok的代誌做了，', '讀完，咱會重頭閣去思考家己人生的方向，', '你單敢寫好矣？', '我參觀了，煞有淡薄仔失望；', '袂麻煩，已經攏準備好矣。', '嘿！我攏攢好矣，你才欲入去！', '教完的時要求𪜶照劇情配音，', '國校讀煞，干焦伊考牢初中', '早頓食煞，五點半跤兜，']"
114-01,| [動詞]+上+[賓語] | [tōng-sû]+chiūⁿ+[pin-gí] | 從下往上到賓語的位置。 |,"['嘛是台灣欲行上國際舞台的另外一个撇步！', '阮兜紅紅的西瓜切好捀上桌頂一人一𥐵，', '兩隻同齊𬦰上橋頂，', '我一路駛上一三九道路對公園路的市內行，', '好話送上天，歹話囥一邊。']"
114-02,| [動詞]+落+[賓語] | [tōng-sû]+lo̍h+[pin-gí] | 從上往下到賓語的位置。 |,"['逐日天光到日頭落山挖塗流。', '仝款切予一塊一塊抨落鼎底用煠的，', '一支劍插落塗，', '因為政治因素，煞漸漸行落崎，', '流籠坐落樓跤，', 'pőng一下有人摔落海，是阮小弟，']"
115-01,| [動詞]+出…… | [tōng-sû]+chhut... | 動詞的方向從處所的內到外。不可在句末。 |,"['明結拄傱出門口爾，就佇亭仔跤拄著俊生；', '予咱台灣人大聲喝出家己的名', '鳥仔放出籠。', '上好飛出太空來佮月娘唸情詩', '上好飛出太空......', '行出台南車頭，']"
115-02,| [動詞]+入…… | [tōng-sû]+ji̍p... | 動詞的方向從處所的外到內。不可在句末。 |,"['佛教對印度傳入中國了後，就完全變形去矣。', '我佮阿吉就趕緊傱入店內揣椅揣桌來坐。', '一手美金囥入胸前，一手銃管調向天頂，', '一箱閣一箱的物資送入災區。', '拄行入庄，遠遠就聽著狗仔咧吠的聲，']"
116-01,| [動詞]+來 | [tōng-sû]+lâi | 動詞的方向移向發話者。句末輕讀。 |,"['誠濟愛𬦰懸𬦰低的高手就攏倚來矣，', '你敢捌聽過秫米也會當提來造橋起厝？', '行來面頭前彼間咖啡館。', '翕鳥的人就規大陣，攏傱傱來矣，', '有一工飛來兩隻烏頭鵠仔，']"
116-02,| [動詞]+去 | [tōng-sû]+khì | 動詞的方向遠離發話者。句末輕讀。 |,"['險仔去予魔神仔牽去，', '我三不五時仔嘛會走去遐看人行棋', '規个煩惱嘛攏隨風飛飛去，', '趕緊報名綴去看覓咧。', '我欲提去伊的教室予伊。']"
116-03,| [動詞]+去[無方向] | [tōng-sû]+--khì | 表示消減或不樂見的結果，或表示動作結束。 |,"['因為阿爸毋知按怎駛的，煞駛甲毋知路去。', '嚇甲有的人真正頭殼歹去，', '毋是車就是人......', '毋是車就是人，強欲共路淹去，', '向望毋通共咱的語言本錢開焦去，', '常在作業寫到一半就覆佇桌仔頂睏去', '面積煞一直勼減去。', '作甲腰脊骨強欲折去。', '規欉死去，種無幾欉起來，', '較袂去予蛇、鳥仔食去。']"
116-04,| [動詞]+掉（去） | [tōng-sû]+tiāu (--khì) | 表示動作結果為除去或狀態終止。 |,"['啊彼號一寡環境哪會攏破壞掉去矣，', '蕭先生，你共外套褪掉，', '共薄縭絲的翼......', '共薄縭絲的翼股隨片仔掣掉去，', '共這个「重撥」的號碼洗掉去。', '抑是交予阮媽媽，共青青的粗皮削掉煮湯。', '二空空九年我共工課辭掉，', '袂穿得的衫褲毋甘擲掉，']"
117-01,| [動詞]+出來 | [tōng-sû]+chhut-lâi | 動詞的方向從內到外，移向發話者。句末輕讀。 |,"['毋過排出來的炭酸氣，是溫室氣體，', '厝邊隔壁攏趕緊走出來佇厝後拍火路', '過足久的，才有一个阿婆仔行出來問阮欲創啥。', '參考書捎出來讀，', '徛佇路口共簿仔提出來，', '趕緊趕緊，橐袋仔撏出來，', '過足久的，才......']"
117-02,| [動詞]+出來[無方向] | [tōng-sû]+chhut-lâi[bô hong-hiòng] | 產生或彰顯概念與事物。賓語提前或省略。句末輕讀。 |,"['最後阿川就哭出來矣。', '我就袂癮，干干仔愛共煮出來才甘願。', '寫出來分享、提供討論，', '加出來的二十年欲按怎處理才好？', '疫苗的技術發展出來了後，', '我只是共事實講出來niâ，敢講我有講毋著喔？', '會使真簡單就共分辨出來。']"
117-03,| [動詞]+出去 | [tōng-sû]+chhut-khì | 動詞的方向從內到外，遠離發話者。句末輕讀。 |,"['然後捐出去起病院佮圖書館。', '跤踏仔踏落去，車就衝出去矣。', '害老師原底的笑面雄雄變做欲哭欲哭，越頭隨走出去，', '出外的出外，查某囡仔無嫁出去的守舊厝。', '想欲來飛出去天邊', '十年後，規家搬出去公寓式的宿舍，']"
117-04,| [動詞]+入來 | [tōng-sû]+ji̍p-lâi | 動詞的方向從外到內，移向發話者。句末輕讀。即「進來」。 |,"['到站踏擋仔si-si叫，勻勻仔旋入來耳空內底，', '生理人對頂手割入來的貨仔，', '客運車就隨駛入來雪山磅空，', '驚萬不幸風若是灌入來，厝蓋煞去予風夯去，', '較早風颱定定對蘭陽溪口楔入來，', '佮煙筒管烏煙攏收入去！才閣對車窗飛入來。', '到站踏擋仔s......']"
117-05,| [動詞]+入去 | [tōng-sû]+ji̍p-khì | 動詞的方向從外到內，遠離發話者。句末輕讀。即「進去」。 |,"['隨粒仔囥入去發栽的盆仔，', '阿琪共數字拍入去一台真怪奇的電腦', '對外面欲攻入去非常困難。', '我綴伊傱入去，', '指示向正手爿斡入去。', '真好佳哉考入去警察學校，']"
118-01,| [動詞]+起來 | [tōng-sû]+khí-lâi | 動詞的方向從低處到高處，移向發話者。句末輕讀。 |,"['隨對膨椅頂跳起來，', '差不多兩分鐘就共撈起來盤仔頂，', '咱對倒手爿第一張共掀起來', '煠好共罟起來搵蒜茸豆油，', '等候若熟才挖起來食。']"
118-02,| [動詞]+（起）來[無方向] | [tōng-sû]+--(khí-)lâi[bô hong-hiòng] | 表示動作開始或發生，後面通常有動作的目的、判斷或結果。「起」有時可省略。 |,"['毋過好是好，做來才知無簡單，', '這个三歲囡仔算來就是我的外甥孫女。', '這馬，想來有夠歹勢，', '連鐵網仔嘛愛買新的共補起來。', '精神重新振作起來，', '表面上看來，', '一切看起來攏誠圓滿。']"
118-03,| [動詞]+起去 | [tōng-sû]+khí-khì | 動詞的方向從低處到高處，遠離發話者。句末輕讀。 |,"['規疊囥起去膨椅頂，', '船長跳起去棑仔頂，', '坐起去椅苴仔，', '爬起去就是塚仔埔。', '閣攑一枝鐵沙挑硩起去頂懸，']"
118-04,| [動詞]+落來 | [tōng-sû]+lo̍h-lâi | 動詞的方向從高處到低處，移向發話者。句末輕讀。即「下來」。 |,"['雲閣壓落來矣！', '傱落來樓跤，', '阿財天頂跋落來', '坐落來流目屎，', '摔落來塗跤兜，']"
118-05,| [動詞]+落來[無方向] | [tōng-sû]+lo̍h-lâi[bô hong-hiòng] | 表示動作發生且完成。句末輕讀。 |,"['我將伊記錄落來，', '足想欲予伊恬靜落來。', '無拍算國民黨共伊擋落來，', '停跤落來共教示。', '雖然拍無死，賰落來嘛是半條命。', '免抾阿姊留落來的舊衫，', '當咧無議量，就共允落來。']"
118-06,| [動詞]+落去 | [tōng-sû]+lo̍h-khì | 動詞的方向從高處到低處，遠離發話者。句末輕讀。即「下去」。 |,"['煞規盤總共捙落去潘桶去。', '兩人順一條坎坎坷坷的小路行落去，', '枝仔冰就佇阮相搶的時落落去塗跤，', '垃圾仔一喙一喙吞落去。', '人跳落去棑仔，划轉來岸邊', '枝仔冰就佇阮......']"
118-07,| [動詞]+落去[無方向] | [tōng-sû]+lo̍h-khì[bô hong-hiòng] | 表示動作繼續。句末輕讀。 |,"['紲落去食暗頓，', '啊~音樂共奏落去，', '氣甲袂曉閣講落去。', '將羅馬字共濫落去，', '繼續傳湠落去，']"
119-01,| [動詞]+過來 | [tōng-sû]+kòe-lâi | 動詞的方向從遠處到近處，移向發話者。句末輕讀。 |,"['拄好有一个少年家穿一領裘仔行過來。', '阿兄走過來共我扶，', '竟然共葵扇搶過來攑牢牢，', '來！照過來照過來！']"
119-02,| [動詞]+過去 | [tōng-sû]+kòe-khì | 動詞的方向從近處到遠處，遠離發話者。句末輕讀。 |,"['換我對這爿行過去，', '愛送過去加護病房照顧。', '綴查埔囡仔的眼神瞭過去，', '手捀彼周西瓜，佇肉頂懸正爿攄過來，倒爿攄過去，']"
119-03,| [動詞]+過（來/去） | [tōng-sû]+kòe | 隨動詞從一處到另一處。句末輕讀。 |,"['我講正爿斡過，山跤有靈山寺、白雲寺；', '一陣露螺寬寬仔爬，四界玲瑯踅，踅過田岸邊，踅過沙仔地', '沿路行過二仁溪墘，', '家己一个人褪赤跤對庄內的店仔頭行過，', '勻勻仔駛過巷仔尾的紅毛塗橋的時陣，', '雄雄一隻鳥仔飛過，']"
119-04,| [動詞]+轉來 | [tōng-sû]+tńg-lâi | 動詞的方向從他處返回，移向發話者。句末輕讀。即「回來」。 |,"['阿爸有買啥物果子轉來？', '斡轉來另外一逝步道，', '對動物病院共𤆬轉來飼，', '共開去的錢趁轉來。', '真正予我借著。我提轉來厝看，', '這是咱台灣人的權利，咱一定愛討轉來。']"
119-05,| [動詞]+轉去 | [tōng-sû]+tńg-khì | 動詞的方向從他處返回，遠離發話者。句末輕讀。即「回去」。 |,"['政府講欲共咱的土地收轉去。', '走轉去問阿媽。', '慢慢仔行轉去厝內底。', '細漢爸母無閒......', '順紲紮一粒麵龜轉去。', '細漢爸母無閒共我送轉去庄跤老厝，']"
120-01,| 一[量詞]一[量詞]…… | chi̍t [liōng-sû] chi̍t [liōng-sû]... | 逐一。 |,"['這馬一步一步行入去家己食甲空空空的烏樹林內底。', '一莢一莢親像關刀按呢吊佇樹仔椏幌來幌去。', '烏面抐桮，𪜶生活攏是一群一群鬥陣做伙的，', '久來才斟酌著鋁合金的輪框起一搭一搭的白烌，']"
121-01,| 連鞭……連鞭…… | liâm-mi…liâm-mi… | 表示一下子這樣一下子那樣、一會兒……一會兒……。也可以用「一下仔……一下仔……」。 |,"['穿插嘛著連鞭短䘼、連鞭長䘼換來換去，', '白雲踮山頂尾溜沓沓飛來，連鞭懸，連鞭低；', '心跳無規律，連鞭緊、連鞭慢，', '手扞仔一下仔蹁正爿，一下仔蹁倒爿。', '連鞭伸筋挽頷，連鞭傱來傱去，']"
122-01,| ……煞…… | ...soah… | 卻、竟。表示語氣轉折的連接詞。 |,"['伊生做袂䆀煞愛做歹，', '我參觀了，煞有淡薄仔失望；', '來遮予恁疼痛，煞惹恁操煩，', '食佮蹛的錢歡喜甲煞袂記得納，', '傷過歡喜，無......', '傷過歡喜，無細膩煞騎甲無油顧路，']"
123-01,| [賓語]+[動詞]+[補語] | [pin-gí]+[tōng-sû]+[pó͘-gí] | 華語[動詞]+[補語]+[賓語]的句式，若為「動作+結果」，則台語的賓語必須強制提前，成為[賓語]+[動詞]+[補語]。但若補語為有、無、輸、贏、斷、破、死等，可容許賓語不提前。 |,"['嘛是因為阿公拆散𪜶爸仔囝（平衡）', '伊看有宋澤萊的台語詩。', '阮阿公是青盲牛，頂懸的字看無。', '伊出車禍挵斷一齒角齒', '[賓語前後皆可]', '阿扁仔衫褲款好好，準備欲出獄矣，', '毋忍心來拆破你欺騙的話，莫閣講遐爾濟（歌詞）', '啊都這幾日生理攏做無，', '干焦聽有伊上慣勢的語言。', '工課若做煞，逐家攏是兩肢手膨疱兼遛皮，', '摃破家己的招牌', '[賓語無提前]', '閣想欲澈底拍贏北風，', '啥物心情攏揣有一首歌來合', '你功課做了矣是毋？', '人咧講話，你莫共人拍斷鼓柄。', '咱「拉麵」食了才來做功課好無？', '[賓語強制提前]', '阿扁仔衫褲款......', '正經揣無跤路通迒過']"
123-02,| [動詞]+[賓語]+[補語] | [tōng-sû]+[pin-gí]+[pó͘-gí] | 華語[動詞]+[補語]+[賓語]的句式，在特定幾個用法中會習慣以[動詞]+[賓語]+[補語]的順序使用。 |,"['鬥陣的時陣煞......', '到食飯飽的下晡時，', '啉酒醉咧掠兔仔', '食晝飽盹龜一下。', '鬥陣的時陣煞賰食暗飽到欲睏的這段時間爾爾。']"
124-01,| [動詞]+（過）來+[動詞]+（過）去 | [tōng-sû]+(kòe-)lâi+[tōng-sû]+(kòe-)khì | 動詞重疊，嵌入來、去，表示動作反覆。 |,"['嫌豆仔有烏斑，嫌豆仔有蟲空。嫌過來嫌過去，', '我想來想去想袂賰，', '幾隻牛食來食去嘛攏佇家己彼條牛索半徑內底。', '干樂抨眠床頂，反過來反過去，', '醫生帶手套指頭仔伸入去尻川內底摸過來摸過去了後，', '猶有不止仔濟頭幔絲仔巾信回教的查某人咧行來行去']"
125-01,| 等等 | téng-téng | 列舉時的省略詞。在台語中不宜只用單音詞「等(téng)」。 |,"['親像紅嬰仔、囡仔人、老人等等。', '伊投資公共建設，親像：起水庫、鋪鐵枝路、推捒觀光等等。', '成員包括醫師、律師、教授、議員等等無仝行業的人。', '嘛不時有通看著山羌、膨鼠、水果猫等等野獸的形影。', 'LINE、面冊、Twitter等等的軟體攏誠方便。']"
126-01,| 分數 | hun-sò͘ | 例如1/3，台語有「三份一(saⁿ hūn chi̍t)」和「三分之一(saⁿ hun chi it )」兩種說法。 |,"['Okinaw......', '核四一定做到百分之百安全，才正式運轉。', 'Okinawa的百姓死三分之一。', '四又三分之二。', '九分之三經過約分等於三分之一。', '三份一。']"
127-01,| 加減乘除 | ka kiám sêng tî | 一加二等於三、五減三等於二、三乘二等於六、八除四等於二。加、減、乘、除、等於都要變調，數字讀本調。 （ 但九九乘法表的讀法「三二六」則三讀變調，二、六讀本調） |,"['10減5等於5。', '15用3除等於5。', '七乘四是二八', '五加五是十', '十六除八是二']"
128-01,| 點 | tiám | 有小數點的數字，小數點後僅一位數時，1、2讀「一(it)、二(jī)」，3以後讀白讀音，例如3.5唸成「三點五(saⁿ tiám gō͘)」。小數點後若有2位數以上，則全部讀為文讀音，例如3.52唸成「三點五二(saⁿ tiám ngó͘ jī)」。除最後一個數字外，前面的數字和「點」都要讀變調。 |,"['七除二是三點五', '平均逐位婦人人生的囝兒干焦一點二个，', '量約零點六公里才到登山口。', '全長二點八五公里，', '這支螢幕五點七吋，']"
129-01,| 喝A就A | hoah A tō A | 所提及的狀況馬上出現，即說怎樣就怎樣。 |,"['天氣喝變就變。', '救地球，毋免揀時陣，咱喝行就行。']"
131-01,| 干焦……就…… | kan-na...tō... | 只有、僅僅……就……。 |,"['現此時干焦i......', '干焦唚一下就有大紅包，', '若毋是我的技術讚，干焦跳來跳去就跋死幾若擺，', '干焦坐咧聽課就遮忝，', '干焦想著就予人流喙瀾。', '現此時干焦icecream就有六、七十款無仝的口味；']"
132-01,| 一來……二來…… | it--lâi...jī--lâi... | 分別敘述兩種狀況。「一、二」要讀本調，「來」要讀輕聲。 |,"['一來路頭遠，二來看袂出新的理事長有啥物使命感，值得情義相伨。', '一來會當包嬰仔，二來會當拭流出來的血水。', '一來𪜶袂當參加罷工，二來𪜶違反一例一休，']"
133-01,| 以+[方位] | í+[hong-ūi] | 次序、程度、數量、位置等在某一標準之上、下、內、外或方位。「以」字前要讀本調。 |,"['我除了讀冊以外，上愛做的代誌就是彈鋼琴，', '一半以上是欲送人的，', '年歲佇國中以下的少年人，', '通常是講海拔八百公尺以內的所在，', '黃金期是七歲以前。', '一九八六年以後，', '臺中以南。']"
134-01,| [介詞]+[賓語] | [kài-sû]+[pin-gí] | 華語「跟、順、沿、趁、對、照」等介詞須加上「著」再加賓語，形成「跟著、順著」等，但台語「綴(tòe)、順(sūn)、趁(thàn)、對(tùi)、用(iōng)、照(chiàu)」等介詞，與賓語之間不能加「著(tio̍h)」。 |,"['我才開始對台語教學有興趣，', '就吩咐伊用手電仔照路，', '趁菜猶未上桌的時陣，', '出枋橋站，順縣民大道慢慢仔行，', '我照朋友教我的方法去試看覓，', '綴這九降風，真濟渡鳥嘛飛來台灣矣！']"
135-01,| 若…… | nā... | 表示假設，也可以用「若準、準若、準講、假設、假使、設使」等，即華語「如果……的話」，但台語不能用「的話(ê ōe)」，而台語可在某些表假設關係的連詞後面再加上「若」。 |,"['設使運命相替換，伊欲學列強向外發展，', '自然虯的頭毛，準若無蓋濟，看起來猶是會騙得人，', '咱若無警覺，咱的下場會佮牛仝款。', '若是無去予人請，就佇厝裡食月餅，', '若準天氣毋是遐熱，我足想欲建議你騎自輪車去。', '假使，我若活佇彼个時代，']"
135-02,| 若…… | ná... | 像。看起來。 |,"['哇！問話敢若......', '共溪水炤甲若像掖一沿金粉仝款。', '腹肚若水櫃，胸坎若樓梯。', '彼種方式，予阮感覺若親像市內的人，', '哇！問話敢若咧射機關銃咧，', '嚨喉若像㧎著啥物，礙虐礙虐。']"
136-01,| 會/袂+[動詞]+得 | ē/bē+[tōng-sû]+tit | 表示能/不能進行該動詞。 |,"['心肝內暢甲袂顧得，', '橫直袂做得工課，先食暗頓予飽，', '當然這陣就愛先過癮一下才會交代得，', '一寮豬仔，無一隻會刣得。', '無開錢袂煞得。', '彼稻仔毋是講閣一個月才會割得？']"
136-02,| 會/袂+得+[動詞] | ē/bē+tit+[tōng-sû] | 表示可以/不可以進行該動詞。 |,"['幾若十冬袂得轉來台灣的晴美姊，', '日子會得過就好，毋免遐辛苦。', '雨落傷大就袂得收山，', '公司會得綴環境的變遷，', '好朋友會得放心，', '一口氣袂得敨，結做風雲佇天頂滾絞，']"
137-01,| 總是 | chóng--sī | 表示無論如何或可是、但是的連接詞，「總」讀本調，「是」讀輕聲。另外，在句中將「總是」都讀為變調，則與華語的「總是」意思、用法相同。 |,"['本土語言較袂hông看輕，總是，應該愛有對應的教育政策才著，', '按呢講嘛怪怪呢！總是，會當省錢較要緊。', '求神拜佛，會保庇咱平安過日，總是這干焦是求一个心安爾爾；', '總是我相信，天公伯仔共我牽向母語創作這坵田園，', '有人會講有一寡監查是愛做的。總是，咱愛去想的是咱目前的法律保護有夠無，']"
137-02,| 總是 | chóng-sī | 與華語「總是」的用法相同，在句中都讀為變調。 |,"['做消費者總是感覺愈方便愈好，', '總是佯做無看咧，', '我總是掀掀咧就準拄煞。', '可怕的是染著毒癮總是予人真歹戒除', '我總是借機會小變一下，']"
138-01,| 無…… | bô... | 時間或數量不到……。 |,"['冬節過無偌久......', '食無三把蕹菜就想欲上西天', '冬節過無偌久，我共豆莢內底的子，', '咱兩千个兄弟今賰無一半，', '無幾秒鐘就昏甲毋知人。', '經過無一年就不幸過身，']"
139-01,| 甲 | kah | 既然。 |,"['甲是落雨，計畫就延期。', '甲按呢來，我無蹽落去袂煞，', '挖礦甲是特許的，就應該佇經濟發展佮生態保育中央掠平衡，', '若甲按呢代誌就歹辦矣。', '甲若按呢，就請伊退出。']"
140-01,| 做+[代名詞]+[動詞] | chò+[tùi-siōng]+[tōng-sû] | 任由某對象行事。 |,"['跳起去共阿吉𢯾咧，直直衝，做𪜶去。', '迫害誠濟人的Hitler，做你去歐洲共掩護看覓。', '徛佇擔前做伊一喙紲一喙，無咧細膩，', '老人講做伊講，少年人共老人講的話準做一陣風。', '有實力，做你共show，做你共變猴弄，']"
140-02,| 做+[賓語]+[動詞] | chò+[pin-gí]+[tōng-sû] | 當作某物來執行某事。 |,"['冬瓜、金瓜、黃瓜、醃瓜、菜瓜，攏是做菜配飯的瓜；', '搵蒜茸豆油準做四秀仔食，', '『肉搜』揣出來，罵甲予伊做狗爬。', '對樹頭到樹尾攏會使煎來做茶啉，', '『肉搜』揣出......', '大了才通hông刣肉，做菜佮。']"
141-01,| （閣）較……（嘛） | (koh-)khah...(mā) | 再怎麼……（也）。 |,"['是講，較拚嘛是研究助理的款，', '不而過，咱講人較頇顢嘛有一步取。', '阿爸共阮講：「閣較歡喜的代誌，oân-nā會過去，', '鴨卵較密嘛有縫。', '咱閣較戇的人嘛知影，這是「擔沙坉海了戇工」、「火燒罟寮全無望」。', '食較濟嘛毋驚血壓會衝懸。']"
142-01,| 免+[動詞]……嘛…… | bián+[tōng-sû]+mā… | 不用......也……，表示必然如此。 |,"['免講一世人，閣予你兩世人，你嘛挖袂了。', '門鎖咧，免講嘛開袂開。', '免講我嘛知，毋過手都咇咇掣啊。', '免用頭殼想嘛知影', '故事的結局，免臆嘛知，', '厝頂無修理，免講嘛會漏。', '免食嘛會飽']"
144-01,| ……才著 | ...chiah tio̍h | 表達主觀推斷，即……才對。 |,"['今年過年的天氣嘛會仝款真好才著！', '阮遮的囝孫仔一定會平安幸福才著。', '所以應該是講清理灶跤（廚房/流理台）才著。', '想講大肥無人會偷才著啦，', '實現的彼一工嘛無遠矣才著。']"
145-01,"| 毋是……，就是……。 | m̄ sī..., tō sī... | 不是……就是……。 |","['毋是一百分、就是第一名，', '是路途重要選擇的分野：毋是起去就是落來，', '毋是大空細裂，就是烏青凝血，欲順序過日，誠拚咧！', '若毋是佇枕頭邊，就是佇跤邊，', '四箍圍恬喌喌，毋是塗就是石。']"
146-01,| [動詞]+毋著 | [tōng-sû]+m̄-tio̍h | 動詞+錯。 |,"['查某朋友的生......', '毋知啥物人食毋著藥仔提議講：', '「我聽毋著去，毋是刁工共恁騙。」', '查某朋友的生日千萬袂使記毋著去！', '原來電視講毋著，我講的才正確。', '「歹勢，我看毋著去，阿煌跋倒，跤無斷去。」', '立場明顯創毋著去。']"
147-01,| ……的款 | ...ê khoán | 表推測語氣，即「……的樣子」。 |,"['可能定予我等會歹勢的款。', '親像咧責怪伊無共照顧好勢的款，', '是講，較拚嘛是研究助理的款，', '毋過我感覺便若「政府」攏無咧好空的款。', '敢若小可有欲變歹天的款。', '可能是無感覺危險的款。']"
148-01,| ……家己 | ...ka-kī | 反身代詞，可與人稱代詞結合使用，即……自己。 |,"['若是臺灣人家己無覺醒，咱的語言就是「安樂死」。', '好佳哉楊桃豆伊家己會揣相隔壁的樹仔來旋藤，', '我家己咧想……', '有真濟攏是阮家己自動去學來的。', '恁家己嘛應該去照鏡，看恁讀的系敢有影較有路用？', '若是作者家己無好品行，讀者是無法度接受的。']"
149-01,| 上蓋…… | siōng-kài... | 最......，「蓋」可省略。單獨使用「蓋」則表示「很」的意思。 |,"['純天然的菜蔬，是現代人上蓋佮意的野味。', '上蓋精彩的一部分，', '拚台語，上蓋有意義。', '這个明德，雖罔逐項譀譀，翕相上蓋認真。', '阮兜是讀冊上蓋大，']"
150-01,| 毋但……嘛…… | m̄-nā...mā... | 不但……也……。 |,"['去港仔邊買現流仔，毋但鮮嘛加真俗。', '毋但惜查某囝，嘛足疼外孫。', '伊毋但有台文才情，嘛有華文才情呢！', '毋但家己種菜，連雞仔鴨仔嘛攏家己飼。', '毋但愛家己嘛關心別人。']"
151-01,| 毋但……閣…… | m̄-nā...koh... | 不但……還……。 |,"['若開車毋但袂淋著雨閣會使聽音樂，輕輕鬆鬆，', '毋但參加活動，閣不時捐款。', '流亡來台灣，毋但無感謝台灣人收留，閣共咱𧿬踏，', '偉大的母愛毋但是養飼，閣較重要的是教育，', '伊毋但會曉唱歌，閣會曉彈鋼琴。', '若開車毋但袂淋著......']"
152-01,| 乎？ | ho͘hⁿ？ | 反問語助詞，表示與問話者確認的語氣，或有調侃的意味。 |,"['你應該是有共伊摔著乎？', '恁兩个姊妹仔閣咧相爭矣乎？', '按呢是真公平乎？', '普通時仔喙齒攏無......', '你一定真艱苦，真失望乎？', '普通時仔喙齒攏無照起工洗喙乎？']"
153-01,| 無半…… | bô pòaⁿ... | 沒有任何一點…… |,"['紲落，浴間仔無半條面巾、齒抿佮齒膏，', '有影無半點精差。', '結果攏無半隻過來，', '我無半項文藝青年所愛具備的條件佮底蒂，', '入房了後，發覺無半雙淺拖，']"
154-01,| 無論/毋管……抑是…… | bô-lūn/m̄-koán...ia̍h-sī... | 無論……或是……（都……）。 |,"['無論是大人抑是囡仔，大多數攏想欲食好做輕可，', '毋管是埃及法老抑是Louis十四，足久進前就攏已經日頭落山矣，', '毋管大細枝柱仔、楹仔抑是相連的橫栱，攏用家己鋸台撩開的便料，', '毋管這个慾貪是正面的抑是負面的，伊攏會引生性命的苦。', '無論是體力抑是精神，攏是一件真折磨的代誌。', '無論中式抑是西洋料理，到上落尾決定有一出甜路，']"
155-01,| [動詞]+了 | [tōng-sû]+liáu | 用於動詞及補語間，表示動作得到補語的結果。 |,"['提名無著，予伊感覺小可愛了無著頭。', '身體恢復了誠好', '你免歡喜了傷早，', '無跋真鬱卒，跋了損身體，會閃著腰脊骨', '今，你考了按怎？']"
,[臺灣台語語料庫應用檢索系統](https://tggl.naer.edu.tw/),